{
    "_default_save_dir": "/tmp/FEDOT",
    "_generations": [
        {
            "data": [
                "2e389ca3-4a4d-4651-9b0f-73445d5628ad"
            ],
            "generation_num": 0,
            "label": "extended_initial_assumptions",
            "metadata": {},
            "_class_path": "golem.core.optimisers.opt_history_objects.generation/Generation"
        },
        {
            "data": [
                "bb022eab-85c0-433b-9d38-0d48e2f8f22f"
            ],
            "generation_num": 1,
            "label": "extended_initial_assumptions",
            "metadata": {},
            "_class_path": "golem.core.optimisers.opt_history_objects.generation/Generation"
        },
        {
            "data": [
                "2e389ca3-4a4d-4651-9b0f-73445d5628ad"
            ],
            "generation_num": 2,
            "label": "final_choices",
            "metadata": {},
            "_class_path": "golem.core.optimisers.opt_history_objects.generation/Generation"
        }
    ],
    "_objective": {
        "is_multi_objective": true,
        "metric_names": [
            "accuracy",
            "latency"
        ],
        "_class_path": "golem.core.optimisers.objective.objective/ObjectiveInfo"
    },
    "_tuning_result": {
        "operator": {
            "_nodes": [
                {
                    "_nodes_from": [],
                    "content": {
                        "name": "low_rank_model",
                        "params": {
                            "log_each": null,
                            "eval_each": null,
                            "save_each": null,
                            "epochs": 1,
                            "optimizer": "adam",
                            "scheduler": null,
                            "criterion": "cross_entropy",
                            "custom_learning_params": {},
                            "custom_criterions": {
                                "hoer": 5
                            },
                            "model_architecture": {
                                "input_dim": null,
                                "output_dim": null,
                                "depth": 3,
                                "custom_model_params": {}
                            },
                            "strategy": "explained_variance",
                            "rank_prune_each": 1,
                            "compose_mode": "two_layers",
                            "non_adaptive_threshold": 0.8,
                            "finetune_params": {
                                "log_each": 1,
                                "eval_each": 1,
                                "save_each": null,
                                "epochs": 5,
                                "optimizer": "adam",
                                "scheduler": null,
                                "criterion": "cross_entropy",
                                "custom_learning_params": {},
                                "custom_criterions": {},
                                "model_architecture": {
                                    "input_dim": null,
                                    "output_dim": null,
                                    "depth": 3,
                                    "custom_model_params": {}
                                }
                            }
                        },
                        "metadata": {
                            "metric": null,
                            "_class_path": "fedot.core.pipelines.node/NodeMetadata"
                        }
                    },
                    "uid": "74350bbb-58cc-4965-b0ac-26f16c5c3a31",
                    "_class_path": "golem.core.dag.linked_graph_node/LinkedGraphNode"
                }
            ],
            "_postprocess_nodes": {
                "_class_path": "golem.core.dag.linked_graph/LinkedGraph._empty_postprocess"
            },
            "_class_path": "golem.core.dag.linked_graph/LinkedGraph"
        },
        "_class_path": "golem.core.dag.graph_delegate/GraphDelegate"
    },
    "archive_history": [
        [
            "2e389ca3-4a4d-4651-9b0f-73445d5628ad"
        ],
        [
            "2e389ca3-4a4d-4651-9b0f-73445d5628ad"
        ],
        [
            "2e389ca3-4a4d-4651-9b0f-73445d5628ad"
        ]
    ],
    "individuals_pool": [
        {
            "fitness": {
                "_weights": [
                    1.0,
                    1.0
                ],
                "wvalues": [
                    0.0974,
                    2.4805477843619883
                ],
                "_class_path": "golem.core.optimisers.fitness.multi_objective_fitness/MultiObjFitness"
            },
            "graph": {
                "operator": {
                    "_nodes": [
                        {
                            "_nodes_from": [],
                            "content": {
                                "name": "low_rank_model",
                                "params": {
                                    "log_each": null,
                                    "eval_each": null,
                                    "save_each": null,
                                    "epochs": 1,
                                    "optimizer": "adam",
                                    "scheduler": null,
                                    "criterion": "cross_entropy",
                                    "custom_learning_params": {},
                                    "custom_criterions": {
                                        "hoer": 5
                                    },
                                    "model_architecture": {
                                        "input_dim": null,
                                        "output_dim": null,
                                        "depth": 3,
                                        "custom_model_params": {}
                                    },
                                    "strategy": "explained_variance",
                                    "rank_prune_each": 1,
                                    "compose_mode": "two_layers",
                                    "non_adaptive_threshold": 0.8,
                                    "finetune_params": {
                                        "log_each": 1,
                                        "eval_each": 1,
                                        "save_each": null,
                                        "epochs": 5,
                                        "optimizer": "adam",
                                        "scheduler": null,
                                        "criterion": "cross_entropy",
                                        "custom_learning_params": {},
                                        "custom_criterions": {},
                                        "model_architecture": {
                                            "input_dim": null,
                                            "output_dim": null,
                                            "depth": 3,
                                            "custom_model_params": {}
                                        }
                                    }
                                },
                                "metadata": {
                                    "metric": null,
                                    "_class_path": "fedot.core.pipelines.node/NodeMetadata"
                                }
                            },
                            "uid": "a3c7cfc2-d88e-4112-84ff-1a36ce0ae9b1",
                            "_class_path": "golem.core.dag.linked_graph_node/LinkedGraphNode"
                        }
                    ],
                    "_postprocess_nodes": {
                        "_class_path": "golem.core.dag.linked_graph/LinkedGraph._empty_postprocess"
                    },
                    "_class_path": "golem.core.dag.linked_graph/LinkedGraph"
                },
                "_class_path": "golem.core.dag.graph_delegate/GraphDelegate"
            },
            "metadata": {
                "use_input_preprocessing": false,
                "computation_time_in_seconds": 33.180392903999746,
                "evaluation_time_iso": "2025-05-13T02:56:04.406054"
            },
            "native_generation": 0,
            "parent_operator": null,
            "uid": "2e389ca3-4a4d-4651-9b0f-73445d5628ad",
            "_class_path": "golem.core.optimisers.opt_history_objects.individual/Individual"
        },
        {
            "fitness": {
                "_weights": [
                    1.0,
                    1.0
                ],
                "wvalues": [
                    0.1038,
                    2.518556284252554
                ],
                "_class_path": "golem.core.optimisers.fitness.multi_objective_fitness/MultiObjFitness"
            },
            "graph": {
                "operator": {
                    "_nodes": [
                        {
                            "_nodes_from": [],
                            "content": {
                                "name": "low_rank_model",
                                "params": {
                                    "log_each": null,
                                    "eval_each": null,
                                    "save_each": null,
                                    "epochs": 1,
                                    "optimizer": "adam",
                                    "scheduler": null,
                                    "criterion": "cross_entropy",
                                    "custom_learning_params": {},
                                    "custom_criterions": {
                                        "hoer": 5
                                    },
                                    "model_architecture": {
                                        "input_dim": null,
                                        "output_dim": null,
                                        "depth": 3,
                                        "custom_model_params": {}
                                    },
                                    "strategy": "explained_variance",
                                    "rank_prune_each": 1,
                                    "compose_mode": "two_layers",
                                    "non_adaptive_threshold": 0.8,
                                    "finetune_params": {
                                        "log_each": 1,
                                        "eval_each": 1,
                                        "save_each": null,
                                        "epochs": 5,
                                        "optimizer": "adam",
                                        "scheduler": null,
                                        "criterion": "cross_entropy",
                                        "custom_learning_params": {},
                                        "custom_criterions": {},
                                        "model_architecture": {
                                            "input_dim": null,
                                            "output_dim": null,
                                            "depth": 3,
                                            "custom_model_params": {}
                                        }
                                    }
                                },
                                "metadata": {
                                    "metric": null,
                                    "_class_path": "fedot.core.pipelines.node/NodeMetadata"
                                }
                            },
                            "uid": "387c13be-8146-4144-becc-83d375b6033d",
                            "_class_path": "golem.core.dag.linked_graph_node/LinkedGraphNode"
                        }
                    ],
                    "_postprocess_nodes": {
                        "_class_path": "golem.core.dag.linked_graph/LinkedGraph._empty_postprocess"
                    },
                    "_class_path": "golem.core.dag.linked_graph/LinkedGraph"
                },
                "_class_path": "golem.core.dag.graph_delegate/GraphDelegate"
            },
            "metadata": {
                "use_input_preprocessing": false,
                "computation_time_in_seconds": 33.180392903999746,
                "evaluation_time_iso": "2025-05-13T02:56:04.406054"
            },
            "native_generation": 1,
            "parent_operator": null,
            "uid": "bb022eab-85c0-433b-9d38-0d48e2f8f22f",
            "_class_path": "golem.core.optimisers.opt_history_objects.individual/Individual"
        }
    ],
    "_class_path": "golem.core.optimisers.opt_history_objects.opt_history/OptHistory"
}