{
    "_default_save_dir": "/tmp/FEDOT",
    "_generations": [
        {
            "data": [
                "ca1382cc-7947-4a9c-a73d-5b74024ae805"
            ],
            "generation_num": 0,
            "label": "extended_initial_assumptions",
            "metadata": {},
            "_class_path": "golem.core.optimisers.opt_history_objects.generation/Generation"
        },
        {
            "data": [
                "f6191f91-76a8-4e11-b116-d9d629fb1689"
            ],
            "generation_num": 1,
            "label": "extended_initial_assumptions",
            "metadata": {},
            "_class_path": "golem.core.optimisers.opt_history_objects.generation/Generation"
        },
        {
            "data": [
                "ca1382cc-7947-4a9c-a73d-5b74024ae805"
            ],
            "generation_num": 2,
            "label": "final_choices",
            "metadata": {},
            "_class_path": "golem.core.optimisers.opt_history_objects.generation/Generation"
        }
    ],
    "_objective": {
        "is_multi_objective": true,
        "metric_names": [
            "accuracy",
            "latency"
        ],
        "_class_path": "golem.core.optimisers.objective.objective/ObjectiveInfo"
    },
    "_tuning_result": {
        "operator": {
            "_nodes": [
                {
                    "_nodes_from": [
                        "44654842-a574-4336-ae24-4d9f8bc80777"
                    ],
                    "content": {
                        "name": "quantization_model",
                        "params": {
                            "log_each": null,
                            "eval_each": null,
                            "save_each": null,
                            "epochs": 1,
                            "optimizer": "adam",
                            "scheduler": null,
                            "criterion": "cross_entropy",
                            "custom_learning_params": {},
                            "custom_criterions": {},
                            "model_architecture": {
                                "input_dim": null,
                                "output_dim": null,
                                "depth": 3,
                                "custom_model_params": {}
                            },
                            "quant_type": "static",
                            "allow_emb": false,
                            "allow_conv": true,
                            "qat_params": {
                                "log_each": 1,
                                "eval_each": 1,
                                "save_each": null,
                                "epochs": 5,
                                "optimizer": "adam",
                                "scheduler": null,
                                "criterion": "cross_entropy",
                                "custom_learning_params": {},
                                "custom_criterions": {},
                                "model_architecture": {
                                    "input_dim": null,
                                    "output_dim": null,
                                    "depth": 3,
                                    "custom_model_params": {}
                                }
                            }
                        },
                        "metadata": {
                            "metric": null,
                            "_class_path": "fedot.core.pipelines.node/NodeMetadata"
                        }
                    },
                    "uid": "4dad4a2e-33ac-40cb-81ec-5015d14c43b9",
                    "_class_path": "golem.core.dag.linked_graph_node/LinkedGraphNode"
                },
                {
                    "_nodes_from": [],
                    "content": {
                        "name": "quantization_model",
                        "params": {
                            "log_each": null,
                            "eval_each": null,
                            "save_each": null,
                            "epochs": 1,
                            "optimizer": "adam",
                            "scheduler": null,
                            "criterion": "cross_entropy",
                            "custom_learning_params": {},
                            "custom_criterions": {},
                            "model_architecture": {
                                "input_dim": null,
                                "output_dim": null,
                                "depth": 3,
                                "custom_model_params": {}
                            },
                            "quant_type": "dynamic",
                            "allow_emb": false,
                            "allow_conv": true,
                            "qat_params": {
                                "log_each": 1,
                                "eval_each": 1,
                                "save_each": null,
                                "epochs": 5,
                                "optimizer": "adam",
                                "scheduler": null,
                                "criterion": "cross_entropy",
                                "custom_learning_params": {},
                                "custom_criterions": {},
                                "model_architecture": {
                                    "input_dim": null,
                                    "output_dim": null,
                                    "depth": 3,
                                    "custom_model_params": {}
                                }
                            }
                        },
                        "metadata": {
                            "metric": null,
                            "_class_path": "fedot.core.pipelines.node/NodeMetadata"
                        }
                    },
                    "uid": "44654842-a574-4336-ae24-4d9f8bc80777",
                    "_class_path": "golem.core.dag.linked_graph_node/LinkedGraphNode"
                }
            ],
            "_postprocess_nodes": {
                "_class_path": "golem.core.dag.linked_graph/LinkedGraph._empty_postprocess"
            },
            "_class_path": "golem.core.dag.linked_graph/LinkedGraph"
        },
        "_class_path": "golem.core.dag.graph_delegate/GraphDelegate"
    },
    "archive_history": [
        [
            "ca1382cc-7947-4a9c-a73d-5b74024ae805"
        ],
        [
            "ca1382cc-7947-4a9c-a73d-5b74024ae805"
        ],
        [
            "ca1382cc-7947-4a9c-a73d-5b74024ae805"
        ]
    ],
    "individuals_pool": [
        {
            "fitness": {
                "_weights": [
                    1.0,
                    1.0
                ],
                "wvalues": [
                    0.0977,
                    2.8660837500356138
                ],
                "_class_path": "golem.core.optimisers.fitness.multi_objective_fitness/MultiObjFitness"
            },
            "graph": {
                "operator": {
                    "_nodes": [
                        {
                            "_nodes_from": [
                                "0fd01b08-03a5-40be-8173-3d156a9347fc"
                            ],
                            "content": {
                                "name": "quantization_model",
                                "params": {
                                    "log_each": null,
                                    "eval_each": null,
                                    "save_each": null,
                                    "epochs": 1,
                                    "optimizer": "adam",
                                    "scheduler": null,
                                    "criterion": "cross_entropy",
                                    "custom_learning_params": {},
                                    "custom_criterions": {},
                                    "model_architecture": {
                                        "input_dim": null,
                                        "output_dim": null,
                                        "depth": 3,
                                        "custom_model_params": {}
                                    },
                                    "quant_type": "static",
                                    "allow_emb": false,
                                    "allow_conv": true,
                                    "qat_params": {
                                        "log_each": 1,
                                        "eval_each": 1,
                                        "save_each": null,
                                        "epochs": 5,
                                        "optimizer": "adam",
                                        "scheduler": null,
                                        "criterion": "cross_entropy",
                                        "custom_learning_params": {},
                                        "custom_criterions": {},
                                        "model_architecture": {
                                            "input_dim": null,
                                            "output_dim": null,
                                            "depth": 3,
                                            "custom_model_params": {}
                                        }
                                    }
                                },
                                "metadata": {
                                    "metric": null,
                                    "_class_path": "fedot.core.pipelines.node/NodeMetadata"
                                }
                            },
                            "uid": "8b0a5073-beb2-4033-9b34-588bfb6e3f96",
                            "_class_path": "golem.core.dag.linked_graph_node/LinkedGraphNode"
                        },
                        {
                            "_nodes_from": [],
                            "content": {
                                "name": "quantization_model",
                                "params": {
                                    "log_each": null,
                                    "eval_each": null,
                                    "save_each": null,
                                    "epochs": 1,
                                    "optimizer": "adam",
                                    "scheduler": null,
                                    "criterion": "cross_entropy",
                                    "custom_learning_params": {},
                                    "custom_criterions": {},
                                    "model_architecture": {
                                        "input_dim": null,
                                        "output_dim": null,
                                        "depth": 3,
                                        "custom_model_params": {}
                                    },
                                    "quant_type": "dynamic",
                                    "allow_emb": false,
                                    "allow_conv": true,
                                    "qat_params": {
                                        "log_each": 1,
                                        "eval_each": 1,
                                        "save_each": null,
                                        "epochs": 5,
                                        "optimizer": "adam",
                                        "scheduler": null,
                                        "criterion": "cross_entropy",
                                        "custom_learning_params": {},
                                        "custom_criterions": {},
                                        "model_architecture": {
                                            "input_dim": null,
                                            "output_dim": null,
                                            "depth": 3,
                                            "custom_model_params": {}
                                        }
                                    }
                                },
                                "metadata": {
                                    "metric": null,
                                    "_class_path": "fedot.core.pipelines.node/NodeMetadata"
                                }
                            },
                            "uid": "0fd01b08-03a5-40be-8173-3d156a9347fc",
                            "_class_path": "golem.core.dag.linked_graph_node/LinkedGraphNode"
                        }
                    ],
                    "_postprocess_nodes": {
                        "_class_path": "golem.core.dag.linked_graph/LinkedGraph._empty_postprocess"
                    },
                    "_class_path": "golem.core.dag.linked_graph/LinkedGraph"
                },
                "_class_path": "golem.core.dag.graph_delegate/GraphDelegate"
            },
            "metadata": {
                "use_input_preprocessing": false,
                "computation_time_in_seconds": 23.216474234999623,
                "evaluation_time_iso": "2025-05-13T03:05:23.849273"
            },
            "native_generation": 0,
            "parent_operator": null,
            "uid": "ca1382cc-7947-4a9c-a73d-5b74024ae805",
            "_class_path": "golem.core.optimisers.opt_history_objects.individual/Individual"
        },
        {
            "fitness": {
                "_weights": [
                    1.0,
                    1.0
                ],
                "wvalues": [
                    0.099,
                    2.8739156564697623
                ],
                "_class_path": "golem.core.optimisers.fitness.multi_objective_fitness/MultiObjFitness"
            },
            "graph": {
                "operator": {
                    "_nodes": [
                        {
                            "_nodes_from": [
                                "120fb4cf-fe44-4409-9f32-967461875ec9"
                            ],
                            "content": {
                                "name": "quantization_model",
                                "params": {
                                    "log_each": null,
                                    "eval_each": null,
                                    "save_each": null,
                                    "epochs": 1,
                                    "optimizer": "adam",
                                    "scheduler": null,
                                    "criterion": "cross_entropy",
                                    "custom_learning_params": {},
                                    "custom_criterions": {},
                                    "model_architecture": {
                                        "input_dim": null,
                                        "output_dim": null,
                                        "depth": 3,
                                        "custom_model_params": {}
                                    },
                                    "quant_type": "static",
                                    "allow_emb": false,
                                    "allow_conv": true,
                                    "qat_params": {
                                        "log_each": 1,
                                        "eval_each": 1,
                                        "save_each": null,
                                        "epochs": 5,
                                        "optimizer": "adam",
                                        "scheduler": null,
                                        "criterion": "cross_entropy",
                                        "custom_learning_params": {},
                                        "custom_criterions": {},
                                        "model_architecture": {
                                            "input_dim": null,
                                            "output_dim": null,
                                            "depth": 3,
                                            "custom_model_params": {}
                                        }
                                    }
                                },
                                "metadata": {
                                    "metric": null,
                                    "_class_path": "fedot.core.pipelines.node/NodeMetadata"
                                }
                            },
                            "uid": "17595767-314d-4775-9290-008fbcdd46d7",
                            "_class_path": "golem.core.dag.linked_graph_node/LinkedGraphNode"
                        },
                        {
                            "_nodes_from": [],
                            "content": {
                                "name": "quantization_model",
                                "params": {
                                    "log_each": null,
                                    "eval_each": null,
                                    "save_each": null,
                                    "epochs": 1,
                                    "optimizer": "adam",
                                    "scheduler": null,
                                    "criterion": "cross_entropy",
                                    "custom_learning_params": {},
                                    "custom_criterions": {},
                                    "model_architecture": {
                                        "input_dim": null,
                                        "output_dim": null,
                                        "depth": 3,
                                        "custom_model_params": {}
                                    },
                                    "quant_type": "dynamic",
                                    "allow_emb": false,
                                    "allow_conv": true,
                                    "qat_params": {
                                        "log_each": 1,
                                        "eval_each": 1,
                                        "save_each": null,
                                        "epochs": 5,
                                        "optimizer": "adam",
                                        "scheduler": null,
                                        "criterion": "cross_entropy",
                                        "custom_learning_params": {},
                                        "custom_criterions": {},
                                        "model_architecture": {
                                            "input_dim": null,
                                            "output_dim": null,
                                            "depth": 3,
                                            "custom_model_params": {}
                                        }
                                    }
                                },
                                "metadata": {
                                    "metric": null,
                                    "_class_path": "fedot.core.pipelines.node/NodeMetadata"
                                }
                            },
                            "uid": "120fb4cf-fe44-4409-9f32-967461875ec9",
                            "_class_path": "golem.core.dag.linked_graph_node/LinkedGraphNode"
                        }
                    ],
                    "_postprocess_nodes": {
                        "_class_path": "golem.core.dag.linked_graph/LinkedGraph._empty_postprocess"
                    },
                    "_class_path": "golem.core.dag.linked_graph/LinkedGraph"
                },
                "_class_path": "golem.core.dag.graph_delegate/GraphDelegate"
            },
            "metadata": {
                "use_input_preprocessing": false,
                "computation_time_in_seconds": 23.216474234999623,
                "evaluation_time_iso": "2025-05-13T03:05:23.849273"
            },
            "native_generation": 1,
            "parent_operator": null,
            "uid": "f6191f91-76a8-4e11-b116-d9d629fb1689",
            "_class_path": "golem.core.optimisers.opt_history_objects.individual/Individual"
        }
    ],
    "_class_path": "golem.core.optimisers.opt_history_objects.opt_history/OptHistory"
}