{
    "_default_save_dir": "/tmp/FEDOT",
    "_generations": [
        {
            "data": [
                "5a6d7066-4d31-47f2-b4bb-2a107a6617b0"
            ],
            "generation_num": 0,
            "label": "extended_initial_assumptions",
            "metadata": {},
            "_class_path": "golem.core.optimisers.opt_history_objects.generation/Generation"
        },
        {
            "data": [
                "0fd13f74-9270-4204-9fc3-925a85fe2665"
            ],
            "generation_num": 1,
            "label": "extended_initial_assumptions",
            "metadata": {},
            "_class_path": "golem.core.optimisers.opt_history_objects.generation/Generation"
        },
        {
            "data": [
                "0fd13f74-9270-4204-9fc3-925a85fe2665"
            ],
            "generation_num": 2,
            "label": "final_choices",
            "metadata": {},
            "_class_path": "golem.core.optimisers.opt_history_objects.generation/Generation"
        }
    ],
    "_objective": {
        "is_multi_objective": true,
        "metric_names": [
            "accuracy",
            "latency"
        ],
        "_class_path": "golem.core.optimisers.objective.objective/ObjectiveInfo"
    },
    "_tuning_result": {
        "operator": {
            "_nodes": [
                {
                    "_nodes_from": [
                        "e316746e-f451-4585-b68c-0a36483d365c"
                    ],
                    "content": {
                        "name": "low_rank_model",
                        "params": {
                            "log_each": null,
                            "eval_each": null,
                            "save_each": null,
                            "epochs": 1,
                            "optimizer": "adam",
                            "scheduler": null,
                            "criterion": "cross_entropy",
                            "custom_learning_params": {},
                            "custom_criterions": {
                                "hoer": 5
                            },
                            "model_architecture": {
                                "input_dim": null,
                                "output_dim": null,
                                "depth": 3,
                                "custom_model_params": {}
                            },
                            "strategy": "explained_variance",
                            "rank_prune_each": 1,
                            "compose_mode": "two_layers",
                            "non_adaptive_threshold": 0.8,
                            "finetune_params": {
                                "log_each": 1,
                                "eval_each": 1,
                                "save_each": null,
                                "epochs": 5,
                                "optimizer": "adam",
                                "scheduler": null,
                                "criterion": "cross_entropy",
                                "custom_learning_params": {},
                                "custom_criterions": {},
                                "model_architecture": {
                                    "input_dim": null,
                                    "output_dim": null,
                                    "depth": 3,
                                    "custom_model_params": {}
                                }
                            }
                        },
                        "metadata": {
                            "metric": null,
                            "_class_path": "fedot.core.pipelines.node/NodeMetadata"
                        }
                    },
                    "uid": "69176457-9f55-46b4-9f5c-2195bb9ba03c",
                    "_class_path": "golem.core.dag.linked_graph_node/LinkedGraphNode"
                },
                {
                    "_nodes_from": [
                        "3df8f1d9-1d0a-4672-a1c7-65350da09327"
                    ],
                    "content": {
                        "name": "low_rank_model",
                        "params": {
                            "log_each": null,
                            "eval_each": null,
                            "save_each": null,
                            "epochs": 1,
                            "optimizer": "adam",
                            "scheduler": null,
                            "criterion": "cross_entropy",
                            "custom_learning_params": {},
                            "custom_criterions": {
                                "hoer": 5
                            },
                            "model_architecture": {
                                "input_dim": null,
                                "output_dim": null,
                                "depth": 3,
                                "custom_model_params": {}
                            },
                            "strategy": "explained_variance",
                            "rank_prune_each": 1,
                            "compose_mode": "two_layers",
                            "non_adaptive_threshold": 0.8,
                            "finetune_params": {
                                "log_each": 1,
                                "eval_each": 1,
                                "save_each": null,
                                "epochs": 5,
                                "optimizer": "adam",
                                "scheduler": null,
                                "criterion": "cross_entropy",
                                "custom_learning_params": {},
                                "custom_criterions": {},
                                "model_architecture": {
                                    "input_dim": null,
                                    "output_dim": null,
                                    "depth": 3,
                                    "custom_model_params": {}
                                }
                            }
                        },
                        "metadata": {
                            "metric": null,
                            "_class_path": "fedot.core.pipelines.node/NodeMetadata"
                        }
                    },
                    "uid": "e316746e-f451-4585-b68c-0a36483d365c",
                    "_class_path": "golem.core.dag.linked_graph_node/LinkedGraphNode"
                },
                {
                    "_nodes_from": [
                        "ba3fad21-ef16-466d-ac19-2fbc17834858"
                    ],
                    "content": {
                        "name": "low_rank_model",
                        "params": {
                            "log_each": null,
                            "eval_each": null,
                            "save_each": null,
                            "epochs": 1,
                            "optimizer": "adam",
                            "scheduler": null,
                            "criterion": "cross_entropy",
                            "custom_learning_params": {},
                            "custom_criterions": {
                                "hoer": 5
                            },
                            "model_architecture": {
                                "input_dim": null,
                                "output_dim": null,
                                "depth": 3,
                                "custom_model_params": {}
                            },
                            "strategy": "explained_variance",
                            "rank_prune_each": 1,
                            "compose_mode": "two_layers",
                            "non_adaptive_threshold": 0.8,
                            "finetune_params": {
                                "log_each": 1,
                                "eval_each": 1,
                                "save_each": null,
                                "epochs": 5,
                                "optimizer": "adam",
                                "scheduler": null,
                                "criterion": "cross_entropy",
                                "custom_learning_params": {},
                                "custom_criterions": {},
                                "model_architecture": {
                                    "input_dim": null,
                                    "output_dim": null,
                                    "depth": 3,
                                    "custom_model_params": {}
                                }
                            }
                        },
                        "metadata": {
                            "metric": null,
                            "_class_path": "fedot.core.pipelines.node/NodeMetadata"
                        }
                    },
                    "uid": "3df8f1d9-1d0a-4672-a1c7-65350da09327",
                    "_class_path": "golem.core.dag.linked_graph_node/LinkedGraphNode"
                },
                {
                    "_nodes_from": [
                        "66ff4365-502d-471f-b98c-d0e90c372636"
                    ],
                    "content": {
                        "name": "low_rank_model",
                        "params": {
                            "log_each": null,
                            "eval_each": null,
                            "save_each": null,
                            "epochs": 1,
                            "optimizer": "adam",
                            "scheduler": null,
                            "criterion": "cross_entropy",
                            "custom_learning_params": {},
                            "custom_criterions": {
                                "hoer": 5
                            },
                            "model_architecture": {
                                "input_dim": null,
                                "output_dim": null,
                                "depth": 3,
                                "custom_model_params": {}
                            },
                            "strategy": "explained_variance",
                            "rank_prune_each": 1,
                            "compose_mode": "two_layers",
                            "non_adaptive_threshold": 0.8,
                            "finetune_params": {
                                "log_each": 1,
                                "eval_each": 1,
                                "save_each": null,
                                "epochs": 5,
                                "optimizer": "adam",
                                "scheduler": null,
                                "criterion": "cross_entropy",
                                "custom_learning_params": {},
                                "custom_criterions": {},
                                "model_architecture": {
                                    "input_dim": null,
                                    "output_dim": null,
                                    "depth": 3,
                                    "custom_model_params": {}
                                }
                            }
                        },
                        "metadata": {
                            "metric": null,
                            "_class_path": "fedot.core.pipelines.node/NodeMetadata"
                        }
                    },
                    "uid": "ba3fad21-ef16-466d-ac19-2fbc17834858",
                    "_class_path": "golem.core.dag.linked_graph_node/LinkedGraphNode"
                },
                {
                    "_nodes_from": [
                        "6f7d2086-4fe5-46e2-9cb8-581065b6b662"
                    ],
                    "content": {
                        "name": "low_rank_model",
                        "params": {
                            "log_each": null,
                            "eval_each": null,
                            "save_each": null,
                            "epochs": 1,
                            "optimizer": "adam",
                            "scheduler": null,
                            "criterion": "cross_entropy",
                            "custom_learning_params": {},
                            "custom_criterions": {
                                "hoer": 5
                            },
                            "model_architecture": {
                                "input_dim": null,
                                "output_dim": null,
                                "depth": 3,
                                "custom_model_params": {}
                            },
                            "strategy": "explained_variance",
                            "rank_prune_each": 1,
                            "compose_mode": "two_layers",
                            "non_adaptive_threshold": 0.8,
                            "finetune_params": {
                                "log_each": 1,
                                "eval_each": 1,
                                "save_each": null,
                                "epochs": 5,
                                "optimizer": "adam",
                                "scheduler": null,
                                "criterion": "cross_entropy",
                                "custom_learning_params": {},
                                "custom_criterions": {},
                                "model_architecture": {
                                    "input_dim": null,
                                    "output_dim": null,
                                    "depth": 3,
                                    "custom_model_params": {}
                                }
                            }
                        },
                        "metadata": {
                            "metric": null,
                            "_class_path": "fedot.core.pipelines.node/NodeMetadata"
                        }
                    },
                    "uid": "66ff4365-502d-471f-b98c-d0e90c372636",
                    "_class_path": "golem.core.dag.linked_graph_node/LinkedGraphNode"
                },
                {
                    "_nodes_from": [
                        "14aed4ad-ce9c-4d9b-87cf-ec214c5fad12"
                    ],
                    "content": {
                        "name": "low_rank_model",
                        "params": {
                            "log_each": null,
                            "eval_each": null,
                            "save_each": null,
                            "epochs": 1,
                            "optimizer": "adam",
                            "scheduler": null,
                            "criterion": "cross_entropy",
                            "custom_learning_params": {},
                            "custom_criterions": {
                                "hoer": 5
                            },
                            "model_architecture": {
                                "input_dim": null,
                                "output_dim": null,
                                "depth": 3,
                                "custom_model_params": {}
                            },
                            "strategy": "explained_variance",
                            "rank_prune_each": 1,
                            "compose_mode": "two_layers",
                            "non_adaptive_threshold": 0.8,
                            "finetune_params": {
                                "log_each": 1,
                                "eval_each": 1,
                                "save_each": null,
                                "epochs": 5,
                                "optimizer": "adam",
                                "scheduler": null,
                                "criterion": "cross_entropy",
                                "custom_learning_params": {},
                                "custom_criterions": {},
                                "model_architecture": {
                                    "input_dim": null,
                                    "output_dim": null,
                                    "depth": 3,
                                    "custom_model_params": {}
                                }
                            }
                        },
                        "metadata": {
                            "metric": null,
                            "_class_path": "fedot.core.pipelines.node/NodeMetadata"
                        }
                    },
                    "uid": "6f7d2086-4fe5-46e2-9cb8-581065b6b662",
                    "_class_path": "golem.core.dag.linked_graph_node/LinkedGraphNode"
                },
                {
                    "_nodes_from": [
                        "03129969-6b86-4ea4-965d-f5b4424eb3dd"
                    ],
                    "content": {
                        "name": "low_rank_model",
                        "params": {
                            "log_each": null,
                            "eval_each": null,
                            "save_each": null,
                            "epochs": 1,
                            "optimizer": "adam",
                            "scheduler": null,
                            "criterion": "cross_entropy",
                            "custom_learning_params": {},
                            "custom_criterions": {
                                "hoer": 5
                            },
                            "model_architecture": {
                                "input_dim": null,
                                "output_dim": null,
                                "depth": 3,
                                "custom_model_params": {}
                            },
                            "strategy": "explained_variance",
                            "rank_prune_each": 1,
                            "compose_mode": "two_layers",
                            "non_adaptive_threshold": 0.8,
                            "finetune_params": {
                                "log_each": 1,
                                "eval_each": 1,
                                "save_each": null,
                                "epochs": 5,
                                "optimizer": "adam",
                                "scheduler": null,
                                "criterion": "cross_entropy",
                                "custom_learning_params": {},
                                "custom_criterions": {},
                                "model_architecture": {
                                    "input_dim": null,
                                    "output_dim": null,
                                    "depth": 3,
                                    "custom_model_params": {}
                                }
                            }
                        },
                        "metadata": {
                            "metric": null,
                            "_class_path": "fedot.core.pipelines.node/NodeMetadata"
                        }
                    },
                    "uid": "14aed4ad-ce9c-4d9b-87cf-ec214c5fad12",
                    "_class_path": "golem.core.dag.linked_graph_node/LinkedGraphNode"
                },
                {
                    "_nodes_from": [
                        "085825d1-1b93-4818-87eb-31fc86ce4d2d"
                    ],
                    "content": {
                        "name": "low_rank_model",
                        "params": {
                            "log_each": null,
                            "eval_each": null,
                            "save_each": null,
                            "epochs": 1,
                            "optimizer": "adam",
                            "scheduler": null,
                            "criterion": "cross_entropy",
                            "custom_learning_params": {},
                            "custom_criterions": {
                                "hoer": 5
                            },
                            "model_architecture": {
                                "input_dim": null,
                                "output_dim": null,
                                "depth": 3,
                                "custom_model_params": {}
                            },
                            "strategy": "explained_variance",
                            "rank_prune_each": 1,
                            "compose_mode": "two_layers",
                            "non_adaptive_threshold": 0.8,
                            "finetune_params": {
                                "log_each": 1,
                                "eval_each": 1,
                                "save_each": null,
                                "epochs": 5,
                                "optimizer": "adam",
                                "scheduler": null,
                                "criterion": "cross_entropy",
                                "custom_learning_params": {},
                                "custom_criterions": {},
                                "model_architecture": {
                                    "input_dim": null,
                                    "output_dim": null,
                                    "depth": 3,
                                    "custom_model_params": {}
                                }
                            }
                        },
                        "metadata": {
                            "metric": null,
                            "_class_path": "fedot.core.pipelines.node/NodeMetadata"
                        }
                    },
                    "uid": "03129969-6b86-4ea4-965d-f5b4424eb3dd",
                    "_class_path": "golem.core.dag.linked_graph_node/LinkedGraphNode"
                },
                {
                    "_nodes_from": [
                        "c16e0123-b730-4157-a073-38043e9120f8"
                    ],
                    "content": {
                        "name": "low_rank_model",
                        "params": {
                            "log_each": null,
                            "eval_each": null,
                            "save_each": null,
                            "epochs": 1,
                            "optimizer": "adam",
                            "scheduler": null,
                            "criterion": "cross_entropy",
                            "custom_learning_params": {},
                            "custom_criterions": {
                                "hoer": 5
                            },
                            "model_architecture": {
                                "input_dim": null,
                                "output_dim": null,
                                "depth": 3,
                                "custom_model_params": {}
                            },
                            "strategy": "explained_variance",
                            "rank_prune_each": 1,
                            "compose_mode": "two_layers",
                            "non_adaptive_threshold": 0.8,
                            "finetune_params": {
                                "log_each": 1,
                                "eval_each": 1,
                                "save_each": null,
                                "epochs": 5,
                                "optimizer": "adam",
                                "scheduler": null,
                                "criterion": "cross_entropy",
                                "custom_learning_params": {},
                                "custom_criterions": {},
                                "model_architecture": {
                                    "input_dim": null,
                                    "output_dim": null,
                                    "depth": 3,
                                    "custom_model_params": {}
                                }
                            }
                        },
                        "metadata": {
                            "metric": null,
                            "_class_path": "fedot.core.pipelines.node/NodeMetadata"
                        }
                    },
                    "uid": "085825d1-1b93-4818-87eb-31fc86ce4d2d",
                    "_class_path": "golem.core.dag.linked_graph_node/LinkedGraphNode"
                },
                {
                    "_nodes_from": [
                        "c480e4be-f85d-4184-b7e7-3b85faf2d414"
                    ],
                    "content": {
                        "name": "low_rank_model",
                        "params": {
                            "log_each": null,
                            "eval_each": null,
                            "save_each": null,
                            "epochs": 1,
                            "optimizer": "adam",
                            "scheduler": null,
                            "criterion": "cross_entropy",
                            "custom_learning_params": {},
                            "custom_criterions": {
                                "hoer": 5
                            },
                            "model_architecture": {
                                "input_dim": null,
                                "output_dim": null,
                                "depth": 3,
                                "custom_model_params": {}
                            },
                            "strategy": "explained_variance",
                            "rank_prune_each": 1,
                            "compose_mode": "two_layers",
                            "non_adaptive_threshold": 0.8,
                            "finetune_params": {
                                "log_each": 1,
                                "eval_each": 1,
                                "save_each": null,
                                "epochs": 5,
                                "optimizer": "adam",
                                "scheduler": null,
                                "criterion": "cross_entropy",
                                "custom_learning_params": {},
                                "custom_criterions": {},
                                "model_architecture": {
                                    "input_dim": null,
                                    "output_dim": null,
                                    "depth": 3,
                                    "custom_model_params": {}
                                }
                            }
                        },
                        "metadata": {
                            "metric": null,
                            "_class_path": "fedot.core.pipelines.node/NodeMetadata"
                        }
                    },
                    "uid": "c16e0123-b730-4157-a073-38043e9120f8",
                    "_class_path": "golem.core.dag.linked_graph_node/LinkedGraphNode"
                },
                {
                    "_nodes_from": [],
                    "content": {
                        "name": "low_rank_model",
                        "params": {
                            "log_each": null,
                            "eval_each": null,
                            "save_each": null,
                            "epochs": 1,
                            "optimizer": "adam",
                            "scheduler": null,
                            "criterion": "cross_entropy",
                            "custom_learning_params": {},
                            "custom_criterions": {
                                "hoer": 5
                            },
                            "model_architecture": {
                                "input_dim": null,
                                "output_dim": null,
                                "depth": 3,
                                "custom_model_params": {}
                            },
                            "strategy": "explained_variance",
                            "rank_prune_each": 1,
                            "compose_mode": "two_layers",
                            "non_adaptive_threshold": 0.8,
                            "finetune_params": {
                                "log_each": 1,
                                "eval_each": 1,
                                "save_each": null,
                                "epochs": 5,
                                "optimizer": "adam",
                                "scheduler": null,
                                "criterion": "cross_entropy",
                                "custom_learning_params": {},
                                "custom_criterions": {},
                                "model_architecture": {
                                    "input_dim": null,
                                    "output_dim": null,
                                    "depth": 3,
                                    "custom_model_params": {}
                                }
                            }
                        },
                        "metadata": {
                            "metric": null,
                            "_class_path": "fedot.core.pipelines.node/NodeMetadata"
                        }
                    },
                    "uid": "c480e4be-f85d-4184-b7e7-3b85faf2d414",
                    "_class_path": "golem.core.dag.linked_graph_node/LinkedGraphNode"
                }
            ],
            "_postprocess_nodes": {
                "_class_path": "golem.core.dag.linked_graph/LinkedGraph._empty_postprocess"
            },
            "_class_path": "golem.core.dag.linked_graph/LinkedGraph"
        },
        "_class_path": "golem.core.dag.graph_delegate/GraphDelegate"
    },
    "archive_history": [
        [
            "5a6d7066-4d31-47f2-b4bb-2a107a6617b0"
        ],
        [
            "0fd13f74-9270-4204-9fc3-925a85fe2665"
        ],
        [
            "0fd13f74-9270-4204-9fc3-925a85fe2665"
        ]
    ],
    "individuals_pool": [
        {
            "fitness": {
                "_weights": [
                    1.0,
                    1.0
                ],
                "wvalues": [
                    0.1002,
                    2.74201428075321
                ],
                "_class_path": "golem.core.optimisers.fitness.multi_objective_fitness/MultiObjFitness"
            },
            "graph": {
                "operator": {
                    "_nodes": [
                        {
                            "_nodes_from": [
                                "79b871f8-cc6d-4a61-8e5b-fb3d5aff2fa8"
                            ],
                            "content": {
                                "name": "low_rank_model",
                                "params": {
                                    "log_each": null,
                                    "eval_each": null,
                                    "save_each": null,
                                    "epochs": 1,
                                    "optimizer": "adam",
                                    "scheduler": null,
                                    "criterion": "cross_entropy",
                                    "custom_learning_params": {},
                                    "custom_criterions": {
                                        "hoer": 5
                                    },
                                    "model_architecture": {
                                        "input_dim": null,
                                        "output_dim": null,
                                        "depth": 3,
                                        "custom_model_params": {}
                                    },
                                    "strategy": "explained_variance",
                                    "rank_prune_each": 1,
                                    "compose_mode": "two_layers",
                                    "non_adaptive_threshold": 0.8,
                                    "finetune_params": {
                                        "log_each": 1,
                                        "eval_each": 1,
                                        "save_each": null,
                                        "epochs": 5,
                                        "optimizer": "adam",
                                        "scheduler": null,
                                        "criterion": "cross_entropy",
                                        "custom_learning_params": {},
                                        "custom_criterions": {},
                                        "model_architecture": {
                                            "input_dim": null,
                                            "output_dim": null,
                                            "depth": 3,
                                            "custom_model_params": {}
                                        }
                                    }
                                },
                                "metadata": {
                                    "metric": null,
                                    "_class_path": "fedot.core.pipelines.node/NodeMetadata"
                                }
                            },
                            "uid": "9c5774e9-c96f-46e9-bf75-4b09501feeaa",
                            "_class_path": "golem.core.dag.linked_graph_node/LinkedGraphNode"
                        },
                        {
                            "_nodes_from": [
                                "3757be34-def0-4de0-965a-77fe35b21a93"
                            ],
                            "content": {
                                "name": "low_rank_model",
                                "params": {
                                    "log_each": null,
                                    "eval_each": null,
                                    "save_each": null,
                                    "epochs": 1,
                                    "optimizer": "adam",
                                    "scheduler": null,
                                    "criterion": "cross_entropy",
                                    "custom_learning_params": {},
                                    "custom_criterions": {
                                        "hoer": 5
                                    },
                                    "model_architecture": {
                                        "input_dim": null,
                                        "output_dim": null,
                                        "depth": 3,
                                        "custom_model_params": {}
                                    },
                                    "strategy": "explained_variance",
                                    "rank_prune_each": 1,
                                    "compose_mode": "two_layers",
                                    "non_adaptive_threshold": 0.8,
                                    "finetune_params": {
                                        "log_each": 1,
                                        "eval_each": 1,
                                        "save_each": null,
                                        "epochs": 5,
                                        "optimizer": "adam",
                                        "scheduler": null,
                                        "criterion": "cross_entropy",
                                        "custom_learning_params": {},
                                        "custom_criterions": {},
                                        "model_architecture": {
                                            "input_dim": null,
                                            "output_dim": null,
                                            "depth": 3,
                                            "custom_model_params": {}
                                        }
                                    }
                                },
                                "metadata": {
                                    "metric": null,
                                    "_class_path": "fedot.core.pipelines.node/NodeMetadata"
                                }
                            },
                            "uid": "79b871f8-cc6d-4a61-8e5b-fb3d5aff2fa8",
                            "_class_path": "golem.core.dag.linked_graph_node/LinkedGraphNode"
                        },
                        {
                            "_nodes_from": [
                                "213db24c-58cb-40ff-8872-4f44478b356d"
                            ],
                            "content": {
                                "name": "low_rank_model",
                                "params": {
                                    "log_each": null,
                                    "eval_each": null,
                                    "save_each": null,
                                    "epochs": 1,
                                    "optimizer": "adam",
                                    "scheduler": null,
                                    "criterion": "cross_entropy",
                                    "custom_learning_params": {},
                                    "custom_criterions": {
                                        "hoer": 5
                                    },
                                    "model_architecture": {
                                        "input_dim": null,
                                        "output_dim": null,
                                        "depth": 3,
                                        "custom_model_params": {}
                                    },
                                    "strategy": "explained_variance",
                                    "rank_prune_each": 1,
                                    "compose_mode": "two_layers",
                                    "non_adaptive_threshold": 0.8,
                                    "finetune_params": {
                                        "log_each": 1,
                                        "eval_each": 1,
                                        "save_each": null,
                                        "epochs": 5,
                                        "optimizer": "adam",
                                        "scheduler": null,
                                        "criterion": "cross_entropy",
                                        "custom_learning_params": {},
                                        "custom_criterions": {},
                                        "model_architecture": {
                                            "input_dim": null,
                                            "output_dim": null,
                                            "depth": 3,
                                            "custom_model_params": {}
                                        }
                                    }
                                },
                                "metadata": {
                                    "metric": null,
                                    "_class_path": "fedot.core.pipelines.node/NodeMetadata"
                                }
                            },
                            "uid": "3757be34-def0-4de0-965a-77fe35b21a93",
                            "_class_path": "golem.core.dag.linked_graph_node/LinkedGraphNode"
                        },
                        {
                            "_nodes_from": [
                                "4bb2591c-8eef-43fc-b953-6df18b906b1f"
                            ],
                            "content": {
                                "name": "low_rank_model",
                                "params": {
                                    "log_each": null,
                                    "eval_each": null,
                                    "save_each": null,
                                    "epochs": 1,
                                    "optimizer": "adam",
                                    "scheduler": null,
                                    "criterion": "cross_entropy",
                                    "custom_learning_params": {},
                                    "custom_criterions": {
                                        "hoer": 5
                                    },
                                    "model_architecture": {
                                        "input_dim": null,
                                        "output_dim": null,
                                        "depth": 3,
                                        "custom_model_params": {}
                                    },
                                    "strategy": "explained_variance",
                                    "rank_prune_each": 1,
                                    "compose_mode": "two_layers",
                                    "non_adaptive_threshold": 0.8,
                                    "finetune_params": {
                                        "log_each": 1,
                                        "eval_each": 1,
                                        "save_each": null,
                                        "epochs": 5,
                                        "optimizer": "adam",
                                        "scheduler": null,
                                        "criterion": "cross_entropy",
                                        "custom_learning_params": {},
                                        "custom_criterions": {},
                                        "model_architecture": {
                                            "input_dim": null,
                                            "output_dim": null,
                                            "depth": 3,
                                            "custom_model_params": {}
                                        }
                                    }
                                },
                                "metadata": {
                                    "metric": null,
                                    "_class_path": "fedot.core.pipelines.node/NodeMetadata"
                                }
                            },
                            "uid": "213db24c-58cb-40ff-8872-4f44478b356d",
                            "_class_path": "golem.core.dag.linked_graph_node/LinkedGraphNode"
                        },
                        {
                            "_nodes_from": [
                                "66688b96-cbf3-4f5e-b4b5-93f4f2bfb404"
                            ],
                            "content": {
                                "name": "low_rank_model",
                                "params": {
                                    "log_each": null,
                                    "eval_each": null,
                                    "save_each": null,
                                    "epochs": 1,
                                    "optimizer": "adam",
                                    "scheduler": null,
                                    "criterion": "cross_entropy",
                                    "custom_learning_params": {},
                                    "custom_criterions": {
                                        "hoer": 5
                                    },
                                    "model_architecture": {
                                        "input_dim": null,
                                        "output_dim": null,
                                        "depth": 3,
                                        "custom_model_params": {}
                                    },
                                    "strategy": "explained_variance",
                                    "rank_prune_each": 1,
                                    "compose_mode": "two_layers",
                                    "non_adaptive_threshold": 0.8,
                                    "finetune_params": {
                                        "log_each": 1,
                                        "eval_each": 1,
                                        "save_each": null,
                                        "epochs": 5,
                                        "optimizer": "adam",
                                        "scheduler": null,
                                        "criterion": "cross_entropy",
                                        "custom_learning_params": {},
                                        "custom_criterions": {},
                                        "model_architecture": {
                                            "input_dim": null,
                                            "output_dim": null,
                                            "depth": 3,
                                            "custom_model_params": {}
                                        }
                                    }
                                },
                                "metadata": {
                                    "metric": null,
                                    "_class_path": "fedot.core.pipelines.node/NodeMetadata"
                                }
                            },
                            "uid": "4bb2591c-8eef-43fc-b953-6df18b906b1f",
                            "_class_path": "golem.core.dag.linked_graph_node/LinkedGraphNode"
                        },
                        {
                            "_nodes_from": [
                                "be84ada7-a7de-421b-a1ee-3fa5272df2a8"
                            ],
                            "content": {
                                "name": "low_rank_model",
                                "params": {
                                    "log_each": null,
                                    "eval_each": null,
                                    "save_each": null,
                                    "epochs": 1,
                                    "optimizer": "adam",
                                    "scheduler": null,
                                    "criterion": "cross_entropy",
                                    "custom_learning_params": {},
                                    "custom_criterions": {
                                        "hoer": 5
                                    },
                                    "model_architecture": {
                                        "input_dim": null,
                                        "output_dim": null,
                                        "depth": 3,
                                        "custom_model_params": {}
                                    },
                                    "strategy": "explained_variance",
                                    "rank_prune_each": 1,
                                    "compose_mode": "two_layers",
                                    "non_adaptive_threshold": 0.8,
                                    "finetune_params": {
                                        "log_each": 1,
                                        "eval_each": 1,
                                        "save_each": null,
                                        "epochs": 5,
                                        "optimizer": "adam",
                                        "scheduler": null,
                                        "criterion": "cross_entropy",
                                        "custom_learning_params": {},
                                        "custom_criterions": {},
                                        "model_architecture": {
                                            "input_dim": null,
                                            "output_dim": null,
                                            "depth": 3,
                                            "custom_model_params": {}
                                        }
                                    }
                                },
                                "metadata": {
                                    "metric": null,
                                    "_class_path": "fedot.core.pipelines.node/NodeMetadata"
                                }
                            },
                            "uid": "66688b96-cbf3-4f5e-b4b5-93f4f2bfb404",
                            "_class_path": "golem.core.dag.linked_graph_node/LinkedGraphNode"
                        },
                        {
                            "_nodes_from": [
                                "51720e28-2e48-4be2-849c-89decd67cccc"
                            ],
                            "content": {
                                "name": "low_rank_model",
                                "params": {
                                    "log_each": null,
                                    "eval_each": null,
                                    "save_each": null,
                                    "epochs": 1,
                                    "optimizer": "adam",
                                    "scheduler": null,
                                    "criterion": "cross_entropy",
                                    "custom_learning_params": {},
                                    "custom_criterions": {
                                        "hoer": 5
                                    },
                                    "model_architecture": {
                                        "input_dim": null,
                                        "output_dim": null,
                                        "depth": 3,
                                        "custom_model_params": {}
                                    },
                                    "strategy": "explained_variance",
                                    "rank_prune_each": 1,
                                    "compose_mode": "two_layers",
                                    "non_adaptive_threshold": 0.8,
                                    "finetune_params": {
                                        "log_each": 1,
                                        "eval_each": 1,
                                        "save_each": null,
                                        "epochs": 5,
                                        "optimizer": "adam",
                                        "scheduler": null,
                                        "criterion": "cross_entropy",
                                        "custom_learning_params": {},
                                        "custom_criterions": {},
                                        "model_architecture": {
                                            "input_dim": null,
                                            "output_dim": null,
                                            "depth": 3,
                                            "custom_model_params": {}
                                        }
                                    }
                                },
                                "metadata": {
                                    "metric": null,
                                    "_class_path": "fedot.core.pipelines.node/NodeMetadata"
                                }
                            },
                            "uid": "be84ada7-a7de-421b-a1ee-3fa5272df2a8",
                            "_class_path": "golem.core.dag.linked_graph_node/LinkedGraphNode"
                        },
                        {
                            "_nodes_from": [
                                "a8f84ca2-752d-4f47-8206-bec7ff4a61df"
                            ],
                            "content": {
                                "name": "low_rank_model",
                                "params": {
                                    "log_each": null,
                                    "eval_each": null,
                                    "save_each": null,
                                    "epochs": 1,
                                    "optimizer": "adam",
                                    "scheduler": null,
                                    "criterion": "cross_entropy",
                                    "custom_learning_params": {},
                                    "custom_criterions": {
                                        "hoer": 5
                                    },
                                    "model_architecture": {
                                        "input_dim": null,
                                        "output_dim": null,
                                        "depth": 3,
                                        "custom_model_params": {}
                                    },
                                    "strategy": "explained_variance",
                                    "rank_prune_each": 1,
                                    "compose_mode": "two_layers",
                                    "non_adaptive_threshold": 0.8,
                                    "finetune_params": {
                                        "log_each": 1,
                                        "eval_each": 1,
                                        "save_each": null,
                                        "epochs": 5,
                                        "optimizer": "adam",
                                        "scheduler": null,
                                        "criterion": "cross_entropy",
                                        "custom_learning_params": {},
                                        "custom_criterions": {},
                                        "model_architecture": {
                                            "input_dim": null,
                                            "output_dim": null,
                                            "depth": 3,
                                            "custom_model_params": {}
                                        }
                                    }
                                },
                                "metadata": {
                                    "metric": null,
                                    "_class_path": "fedot.core.pipelines.node/NodeMetadata"
                                }
                            },
                            "uid": "51720e28-2e48-4be2-849c-89decd67cccc",
                            "_class_path": "golem.core.dag.linked_graph_node/LinkedGraphNode"
                        },
                        {
                            "_nodes_from": [
                                "c0d229b1-f045-4faa-81d7-7f2696c697de"
                            ],
                            "content": {
                                "name": "low_rank_model",
                                "params": {
                                    "log_each": null,
                                    "eval_each": null,
                                    "save_each": null,
                                    "epochs": 1,
                                    "optimizer": "adam",
                                    "scheduler": null,
                                    "criterion": "cross_entropy",
                                    "custom_learning_params": {},
                                    "custom_criterions": {
                                        "hoer": 5
                                    },
                                    "model_architecture": {
                                        "input_dim": null,
                                        "output_dim": null,
                                        "depth": 3,
                                        "custom_model_params": {}
                                    },
                                    "strategy": "explained_variance",
                                    "rank_prune_each": 1,
                                    "compose_mode": "two_layers",
                                    "non_adaptive_threshold": 0.8,
                                    "finetune_params": {
                                        "log_each": 1,
                                        "eval_each": 1,
                                        "save_each": null,
                                        "epochs": 5,
                                        "optimizer": "adam",
                                        "scheduler": null,
                                        "criterion": "cross_entropy",
                                        "custom_learning_params": {},
                                        "custom_criterions": {},
                                        "model_architecture": {
                                            "input_dim": null,
                                            "output_dim": null,
                                            "depth": 3,
                                            "custom_model_params": {}
                                        }
                                    }
                                },
                                "metadata": {
                                    "metric": null,
                                    "_class_path": "fedot.core.pipelines.node/NodeMetadata"
                                }
                            },
                            "uid": "a8f84ca2-752d-4f47-8206-bec7ff4a61df",
                            "_class_path": "golem.core.dag.linked_graph_node/LinkedGraphNode"
                        },
                        {
                            "_nodes_from": [
                                "1f28aba9-ac8c-4ab0-8cdd-fe0eb578c924"
                            ],
                            "content": {
                                "name": "low_rank_model",
                                "params": {
                                    "log_each": null,
                                    "eval_each": null,
                                    "save_each": null,
                                    "epochs": 1,
                                    "optimizer": "adam",
                                    "scheduler": null,
                                    "criterion": "cross_entropy",
                                    "custom_learning_params": {},
                                    "custom_criterions": {
                                        "hoer": 5
                                    },
                                    "model_architecture": {
                                        "input_dim": null,
                                        "output_dim": null,
                                        "depth": 3,
                                        "custom_model_params": {}
                                    },
                                    "strategy": "explained_variance",
                                    "rank_prune_each": 1,
                                    "compose_mode": "two_layers",
                                    "non_adaptive_threshold": 0.8,
                                    "finetune_params": {
                                        "log_each": 1,
                                        "eval_each": 1,
                                        "save_each": null,
                                        "epochs": 5,
                                        "optimizer": "adam",
                                        "scheduler": null,
                                        "criterion": "cross_entropy",
                                        "custom_learning_params": {},
                                        "custom_criterions": {},
                                        "model_architecture": {
                                            "input_dim": null,
                                            "output_dim": null,
                                            "depth": 3,
                                            "custom_model_params": {}
                                        }
                                    }
                                },
                                "metadata": {
                                    "metric": null,
                                    "_class_path": "fedot.core.pipelines.node/NodeMetadata"
                                }
                            },
                            "uid": "c0d229b1-f045-4faa-81d7-7f2696c697de",
                            "_class_path": "golem.core.dag.linked_graph_node/LinkedGraphNode"
                        },
                        {
                            "_nodes_from": [],
                            "content": {
                                "name": "low_rank_model",
                                "params": {
                                    "log_each": null,
                                    "eval_each": null,
                                    "save_each": null,
                                    "epochs": 1,
                                    "optimizer": "adam",
                                    "scheduler": null,
                                    "criterion": "cross_entropy",
                                    "custom_learning_params": {},
                                    "custom_criterions": {
                                        "hoer": 5
                                    },
                                    "model_architecture": {
                                        "input_dim": null,
                                        "output_dim": null,
                                        "depth": 3,
                                        "custom_model_params": {}
                                    },
                                    "strategy": "explained_variance",
                                    "rank_prune_each": 1,
                                    "compose_mode": "two_layers",
                                    "non_adaptive_threshold": 0.8,
                                    "finetune_params": {
                                        "log_each": 1,
                                        "eval_each": 1,
                                        "save_each": null,
                                        "epochs": 5,
                                        "optimizer": "adam",
                                        "scheduler": null,
                                        "criterion": "cross_entropy",
                                        "custom_learning_params": {},
                                        "custom_criterions": {},
                                        "model_architecture": {
                                            "input_dim": null,
                                            "output_dim": null,
                                            "depth": 3,
                                            "custom_model_params": {}
                                        }
                                    }
                                },
                                "metadata": {
                                    "metric": null,
                                    "_class_path": "fedot.core.pipelines.node/NodeMetadata"
                                }
                            },
                            "uid": "1f28aba9-ac8c-4ab0-8cdd-fe0eb578c924",
                            "_class_path": "golem.core.dag.linked_graph_node/LinkedGraphNode"
                        }
                    ],
                    "_postprocess_nodes": {
                        "_class_path": "golem.core.dag.linked_graph/LinkedGraph._empty_postprocess"
                    },
                    "_class_path": "golem.core.dag.linked_graph/LinkedGraph"
                },
                "_class_path": "golem.core.dag.graph_delegate/GraphDelegate"
            },
            "metadata": {
                "use_input_preprocessing": false,
                "computation_time_in_seconds": 298.30114136500197,
                "evaluation_time_iso": "2025-05-13T10:29:06.775704"
            },
            "native_generation": 0,
            "parent_operator": null,
            "uid": "5a6d7066-4d31-47f2-b4bb-2a107a6617b0",
            "_class_path": "golem.core.optimisers.opt_history_objects.individual/Individual"
        },
        {
            "fitness": {
                "_weights": [
                    1.0,
                    1.0
                ],
                "wvalues": [
                    0.0999,
                    2.7308373434934765
                ],
                "_class_path": "golem.core.optimisers.fitness.multi_objective_fitness/MultiObjFitness"
            },
            "graph": {
                "operator": {
                    "_nodes": [
                        {
                            "_nodes_from": [
                                "b9cba367-fbbe-4242-8244-ce05b93b4ea9"
                            ],
                            "content": {
                                "name": "low_rank_model",
                                "params": {
                                    "log_each": null,
                                    "eval_each": null,
                                    "save_each": null,
                                    "epochs": 1,
                                    "optimizer": "adam",
                                    "scheduler": null,
                                    "criterion": "cross_entropy",
                                    "custom_learning_params": {},
                                    "custom_criterions": {
                                        "hoer": 5
                                    },
                                    "model_architecture": {
                                        "input_dim": null,
                                        "output_dim": null,
                                        "depth": 3,
                                        "custom_model_params": {}
                                    },
                                    "strategy": "explained_variance",
                                    "rank_prune_each": 1,
                                    "compose_mode": "two_layers",
                                    "non_adaptive_threshold": 0.8,
                                    "finetune_params": {
                                        "log_each": 1,
                                        "eval_each": 1,
                                        "save_each": null,
                                        "epochs": 5,
                                        "optimizer": "adam",
                                        "scheduler": null,
                                        "criterion": "cross_entropy",
                                        "custom_learning_params": {},
                                        "custom_criterions": {},
                                        "model_architecture": {
                                            "input_dim": null,
                                            "output_dim": null,
                                            "depth": 3,
                                            "custom_model_params": {}
                                        }
                                    }
                                },
                                "metadata": {
                                    "metric": null,
                                    "_class_path": "fedot.core.pipelines.node/NodeMetadata"
                                }
                            },
                            "uid": "edb8d476-e563-44d7-9584-f37e79733ec6",
                            "_class_path": "golem.core.dag.linked_graph_node/LinkedGraphNode"
                        },
                        {
                            "_nodes_from": [
                                "8bbae84d-e4db-4e88-ba5e-bdc8a1678fab"
                            ],
                            "content": {
                                "name": "low_rank_model",
                                "params": {
                                    "log_each": null,
                                    "eval_each": null,
                                    "save_each": null,
                                    "epochs": 1,
                                    "optimizer": "adam",
                                    "scheduler": null,
                                    "criterion": "cross_entropy",
                                    "custom_learning_params": {},
                                    "custom_criterions": {
                                        "hoer": 5
                                    },
                                    "model_architecture": {
                                        "input_dim": null,
                                        "output_dim": null,
                                        "depth": 3,
                                        "custom_model_params": {}
                                    },
                                    "strategy": "explained_variance",
                                    "rank_prune_each": 1,
                                    "compose_mode": "two_layers",
                                    "non_adaptive_threshold": 0.8,
                                    "finetune_params": {
                                        "log_each": 1,
                                        "eval_each": 1,
                                        "save_each": null,
                                        "epochs": 5,
                                        "optimizer": "adam",
                                        "scheduler": null,
                                        "criterion": "cross_entropy",
                                        "custom_learning_params": {},
                                        "custom_criterions": {},
                                        "model_architecture": {
                                            "input_dim": null,
                                            "output_dim": null,
                                            "depth": 3,
                                            "custom_model_params": {}
                                        }
                                    }
                                },
                                "metadata": {
                                    "metric": null,
                                    "_class_path": "fedot.core.pipelines.node/NodeMetadata"
                                }
                            },
                            "uid": "b9cba367-fbbe-4242-8244-ce05b93b4ea9",
                            "_class_path": "golem.core.dag.linked_graph_node/LinkedGraphNode"
                        },
                        {
                            "_nodes_from": [
                                "a29e5c0c-1642-476c-ba21-6a102d211ecf"
                            ],
                            "content": {
                                "name": "low_rank_model",
                                "params": {
                                    "log_each": null,
                                    "eval_each": null,
                                    "save_each": null,
                                    "epochs": 1,
                                    "optimizer": "adam",
                                    "scheduler": null,
                                    "criterion": "cross_entropy",
                                    "custom_learning_params": {},
                                    "custom_criterions": {
                                        "hoer": 5
                                    },
                                    "model_architecture": {
                                        "input_dim": null,
                                        "output_dim": null,
                                        "depth": 3,
                                        "custom_model_params": {}
                                    },
                                    "strategy": "explained_variance",
                                    "rank_prune_each": 1,
                                    "compose_mode": "two_layers",
                                    "non_adaptive_threshold": 0.8,
                                    "finetune_params": {
                                        "log_each": 1,
                                        "eval_each": 1,
                                        "save_each": null,
                                        "epochs": 5,
                                        "optimizer": "adam",
                                        "scheduler": null,
                                        "criterion": "cross_entropy",
                                        "custom_learning_params": {},
                                        "custom_criterions": {},
                                        "model_architecture": {
                                            "input_dim": null,
                                            "output_dim": null,
                                            "depth": 3,
                                            "custom_model_params": {}
                                        }
                                    }
                                },
                                "metadata": {
                                    "metric": null,
                                    "_class_path": "fedot.core.pipelines.node/NodeMetadata"
                                }
                            },
                            "uid": "8bbae84d-e4db-4e88-ba5e-bdc8a1678fab",
                            "_class_path": "golem.core.dag.linked_graph_node/LinkedGraphNode"
                        },
                        {
                            "_nodes_from": [
                                "8579d5ac-9c59-4a70-9a6a-21707a77de74"
                            ],
                            "content": {
                                "name": "low_rank_model",
                                "params": {
                                    "log_each": null,
                                    "eval_each": null,
                                    "save_each": null,
                                    "epochs": 1,
                                    "optimizer": "adam",
                                    "scheduler": null,
                                    "criterion": "cross_entropy",
                                    "custom_learning_params": {},
                                    "custom_criterions": {
                                        "hoer": 5
                                    },
                                    "model_architecture": {
                                        "input_dim": null,
                                        "output_dim": null,
                                        "depth": 3,
                                        "custom_model_params": {}
                                    },
                                    "strategy": "explained_variance",
                                    "rank_prune_each": 1,
                                    "compose_mode": "two_layers",
                                    "non_adaptive_threshold": 0.8,
                                    "finetune_params": {
                                        "log_each": 1,
                                        "eval_each": 1,
                                        "save_each": null,
                                        "epochs": 5,
                                        "optimizer": "adam",
                                        "scheduler": null,
                                        "criterion": "cross_entropy",
                                        "custom_learning_params": {},
                                        "custom_criterions": {},
                                        "model_architecture": {
                                            "input_dim": null,
                                            "output_dim": null,
                                            "depth": 3,
                                            "custom_model_params": {}
                                        }
                                    }
                                },
                                "metadata": {
                                    "metric": null,
                                    "_class_path": "fedot.core.pipelines.node/NodeMetadata"
                                }
                            },
                            "uid": "a29e5c0c-1642-476c-ba21-6a102d211ecf",
                            "_class_path": "golem.core.dag.linked_graph_node/LinkedGraphNode"
                        },
                        {
                            "_nodes_from": [
                                "fd3abe77-a82e-472f-9958-2ec29f266129"
                            ],
                            "content": {
                                "name": "low_rank_model",
                                "params": {
                                    "log_each": null,
                                    "eval_each": null,
                                    "save_each": null,
                                    "epochs": 1,
                                    "optimizer": "adam",
                                    "scheduler": null,
                                    "criterion": "cross_entropy",
                                    "custom_learning_params": {},
                                    "custom_criterions": {
                                        "hoer": 5
                                    },
                                    "model_architecture": {
                                        "input_dim": null,
                                        "output_dim": null,
                                        "depth": 3,
                                        "custom_model_params": {}
                                    },
                                    "strategy": "explained_variance",
                                    "rank_prune_each": 1,
                                    "compose_mode": "two_layers",
                                    "non_adaptive_threshold": 0.8,
                                    "finetune_params": {
                                        "log_each": 1,
                                        "eval_each": 1,
                                        "save_each": null,
                                        "epochs": 5,
                                        "optimizer": "adam",
                                        "scheduler": null,
                                        "criterion": "cross_entropy",
                                        "custom_learning_params": {},
                                        "custom_criterions": {},
                                        "model_architecture": {
                                            "input_dim": null,
                                            "output_dim": null,
                                            "depth": 3,
                                            "custom_model_params": {}
                                        }
                                    }
                                },
                                "metadata": {
                                    "metric": null,
                                    "_class_path": "fedot.core.pipelines.node/NodeMetadata"
                                }
                            },
                            "uid": "8579d5ac-9c59-4a70-9a6a-21707a77de74",
                            "_class_path": "golem.core.dag.linked_graph_node/LinkedGraphNode"
                        },
                        {
                            "_nodes_from": [
                                "6c973e3e-ab8b-4f46-8e08-bd865566cfd7"
                            ],
                            "content": {
                                "name": "low_rank_model",
                                "params": {
                                    "log_each": null,
                                    "eval_each": null,
                                    "save_each": null,
                                    "epochs": 1,
                                    "optimizer": "adam",
                                    "scheduler": null,
                                    "criterion": "cross_entropy",
                                    "custom_learning_params": {},
                                    "custom_criterions": {
                                        "hoer": 5
                                    },
                                    "model_architecture": {
                                        "input_dim": null,
                                        "output_dim": null,
                                        "depth": 3,
                                        "custom_model_params": {}
                                    },
                                    "strategy": "explained_variance",
                                    "rank_prune_each": 1,
                                    "compose_mode": "two_layers",
                                    "non_adaptive_threshold": 0.8,
                                    "finetune_params": {
                                        "log_each": 1,
                                        "eval_each": 1,
                                        "save_each": null,
                                        "epochs": 5,
                                        "optimizer": "adam",
                                        "scheduler": null,
                                        "criterion": "cross_entropy",
                                        "custom_learning_params": {},
                                        "custom_criterions": {},
                                        "model_architecture": {
                                            "input_dim": null,
                                            "output_dim": null,
                                            "depth": 3,
                                            "custom_model_params": {}
                                        }
                                    }
                                },
                                "metadata": {
                                    "metric": null,
                                    "_class_path": "fedot.core.pipelines.node/NodeMetadata"
                                }
                            },
                            "uid": "fd3abe77-a82e-472f-9958-2ec29f266129",
                            "_class_path": "golem.core.dag.linked_graph_node/LinkedGraphNode"
                        },
                        {
                            "_nodes_from": [
                                "ac4af4f3-b9ce-444a-a5d4-ae30a90cab60"
                            ],
                            "content": {
                                "name": "low_rank_model",
                                "params": {
                                    "log_each": null,
                                    "eval_each": null,
                                    "save_each": null,
                                    "epochs": 1,
                                    "optimizer": "adam",
                                    "scheduler": null,
                                    "criterion": "cross_entropy",
                                    "custom_learning_params": {},
                                    "custom_criterions": {
                                        "hoer": 5
                                    },
                                    "model_architecture": {
                                        "input_dim": null,
                                        "output_dim": null,
                                        "depth": 3,
                                        "custom_model_params": {}
                                    },
                                    "strategy": "explained_variance",
                                    "rank_prune_each": 1,
                                    "compose_mode": "two_layers",
                                    "non_adaptive_threshold": 0.8,
                                    "finetune_params": {
                                        "log_each": 1,
                                        "eval_each": 1,
                                        "save_each": null,
                                        "epochs": 5,
                                        "optimizer": "adam",
                                        "scheduler": null,
                                        "criterion": "cross_entropy",
                                        "custom_learning_params": {},
                                        "custom_criterions": {},
                                        "model_architecture": {
                                            "input_dim": null,
                                            "output_dim": null,
                                            "depth": 3,
                                            "custom_model_params": {}
                                        }
                                    }
                                },
                                "metadata": {
                                    "metric": null,
                                    "_class_path": "fedot.core.pipelines.node/NodeMetadata"
                                }
                            },
                            "uid": "6c973e3e-ab8b-4f46-8e08-bd865566cfd7",
                            "_class_path": "golem.core.dag.linked_graph_node/LinkedGraphNode"
                        },
                        {
                            "_nodes_from": [
                                "13d55194-6327-4010-a258-46889932c564"
                            ],
                            "content": {
                                "name": "low_rank_model",
                                "params": {
                                    "log_each": null,
                                    "eval_each": null,
                                    "save_each": null,
                                    "epochs": 1,
                                    "optimizer": "adam",
                                    "scheduler": null,
                                    "criterion": "cross_entropy",
                                    "custom_learning_params": {},
                                    "custom_criterions": {
                                        "hoer": 5
                                    },
                                    "model_architecture": {
                                        "input_dim": null,
                                        "output_dim": null,
                                        "depth": 3,
                                        "custom_model_params": {}
                                    },
                                    "strategy": "explained_variance",
                                    "rank_prune_each": 1,
                                    "compose_mode": "two_layers",
                                    "non_adaptive_threshold": 0.8,
                                    "finetune_params": {
                                        "log_each": 1,
                                        "eval_each": 1,
                                        "save_each": null,
                                        "epochs": 5,
                                        "optimizer": "adam",
                                        "scheduler": null,
                                        "criterion": "cross_entropy",
                                        "custom_learning_params": {},
                                        "custom_criterions": {},
                                        "model_architecture": {
                                            "input_dim": null,
                                            "output_dim": null,
                                            "depth": 3,
                                            "custom_model_params": {}
                                        }
                                    }
                                },
                                "metadata": {
                                    "metric": null,
                                    "_class_path": "fedot.core.pipelines.node/NodeMetadata"
                                }
                            },
                            "uid": "ac4af4f3-b9ce-444a-a5d4-ae30a90cab60",
                            "_class_path": "golem.core.dag.linked_graph_node/LinkedGraphNode"
                        },
                        {
                            "_nodes_from": [
                                "7a737349-0f83-4798-af17-b96003d81ef0"
                            ],
                            "content": {
                                "name": "low_rank_model",
                                "params": {
                                    "log_each": null,
                                    "eval_each": null,
                                    "save_each": null,
                                    "epochs": 1,
                                    "optimizer": "adam",
                                    "scheduler": null,
                                    "criterion": "cross_entropy",
                                    "custom_learning_params": {},
                                    "custom_criterions": {
                                        "hoer": 5
                                    },
                                    "model_architecture": {
                                        "input_dim": null,
                                        "output_dim": null,
                                        "depth": 3,
                                        "custom_model_params": {}
                                    },
                                    "strategy": "explained_variance",
                                    "rank_prune_each": 1,
                                    "compose_mode": "two_layers",
                                    "non_adaptive_threshold": 0.8,
                                    "finetune_params": {
                                        "log_each": 1,
                                        "eval_each": 1,
                                        "save_each": null,
                                        "epochs": 5,
                                        "optimizer": "adam",
                                        "scheduler": null,
                                        "criterion": "cross_entropy",
                                        "custom_learning_params": {},
                                        "custom_criterions": {},
                                        "model_architecture": {
                                            "input_dim": null,
                                            "output_dim": null,
                                            "depth": 3,
                                            "custom_model_params": {}
                                        }
                                    }
                                },
                                "metadata": {
                                    "metric": null,
                                    "_class_path": "fedot.core.pipelines.node/NodeMetadata"
                                }
                            },
                            "uid": "13d55194-6327-4010-a258-46889932c564",
                            "_class_path": "golem.core.dag.linked_graph_node/LinkedGraphNode"
                        },
                        {
                            "_nodes_from": [
                                "a57699a0-3129-4991-84fe-402ed76c499d"
                            ],
                            "content": {
                                "name": "low_rank_model",
                                "params": {
                                    "log_each": null,
                                    "eval_each": null,
                                    "save_each": null,
                                    "epochs": 1,
                                    "optimizer": "adam",
                                    "scheduler": null,
                                    "criterion": "cross_entropy",
                                    "custom_learning_params": {},
                                    "custom_criterions": {
                                        "hoer": 5
                                    },
                                    "model_architecture": {
                                        "input_dim": null,
                                        "output_dim": null,
                                        "depth": 3,
                                        "custom_model_params": {}
                                    },
                                    "strategy": "explained_variance",
                                    "rank_prune_each": 1,
                                    "compose_mode": "two_layers",
                                    "non_adaptive_threshold": 0.8,
                                    "finetune_params": {
                                        "log_each": 1,
                                        "eval_each": 1,
                                        "save_each": null,
                                        "epochs": 5,
                                        "optimizer": "adam",
                                        "scheduler": null,
                                        "criterion": "cross_entropy",
                                        "custom_learning_params": {},
                                        "custom_criterions": {},
                                        "model_architecture": {
                                            "input_dim": null,
                                            "output_dim": null,
                                            "depth": 3,
                                            "custom_model_params": {}
                                        }
                                    }
                                },
                                "metadata": {
                                    "metric": null,
                                    "_class_path": "fedot.core.pipelines.node/NodeMetadata"
                                }
                            },
                            "uid": "7a737349-0f83-4798-af17-b96003d81ef0",
                            "_class_path": "golem.core.dag.linked_graph_node/LinkedGraphNode"
                        },
                        {
                            "_nodes_from": [],
                            "content": {
                                "name": "low_rank_model",
                                "params": {
                                    "log_each": null,
                                    "eval_each": null,
                                    "save_each": null,
                                    "epochs": 1,
                                    "optimizer": "adam",
                                    "scheduler": null,
                                    "criterion": "cross_entropy",
                                    "custom_learning_params": {},
                                    "custom_criterions": {
                                        "hoer": 5
                                    },
                                    "model_architecture": {
                                        "input_dim": null,
                                        "output_dim": null,
                                        "depth": 3,
                                        "custom_model_params": {}
                                    },
                                    "strategy": "explained_variance",
                                    "rank_prune_each": 1,
                                    "compose_mode": "two_layers",
                                    "non_adaptive_threshold": 0.8,
                                    "finetune_params": {
                                        "log_each": 1,
                                        "eval_each": 1,
                                        "save_each": null,
                                        "epochs": 5,
                                        "optimizer": "adam",
                                        "scheduler": null,
                                        "criterion": "cross_entropy",
                                        "custom_learning_params": {},
                                        "custom_criterions": {},
                                        "model_architecture": {
                                            "input_dim": null,
                                            "output_dim": null,
                                            "depth": 3,
                                            "custom_model_params": {}
                                        }
                                    }
                                },
                                "metadata": {
                                    "metric": null,
                                    "_class_path": "fedot.core.pipelines.node/NodeMetadata"
                                }
                            },
                            "uid": "a57699a0-3129-4991-84fe-402ed76c499d",
                            "_class_path": "golem.core.dag.linked_graph_node/LinkedGraphNode"
                        }
                    ],
                    "_postprocess_nodes": {
                        "_class_path": "golem.core.dag.linked_graph/LinkedGraph._empty_postprocess"
                    },
                    "_class_path": "golem.core.dag.linked_graph/LinkedGraph"
                },
                "_class_path": "golem.core.dag.graph_delegate/GraphDelegate"
            },
            "metadata": {
                "use_input_preprocessing": false,
                "computation_time_in_seconds": 298.30114136500197,
                "evaluation_time_iso": "2025-05-13T10:29:06.775704"
            },
            "native_generation": 1,
            "parent_operator": null,
            "uid": "0fd13f74-9270-4204-9fc3-925a85fe2665",
            "_class_path": "golem.core.optimisers.opt_history_objects.individual/Individual"
        }
    ],
    "_class_path": "golem.core.optimisers.opt_history_objects.opt_history/OptHistory"
}