{
    "_default_save_dir": "/tmp/FEDOT",
    "_generations": [
        {
            "data": [
                "2a19a84c-c925-455a-8297-45b07f14a354"
            ],
            "generation_num": 0,
            "label": "extended_initial_assumptions",
            "metadata": {},
            "_class_path": "golem.core.optimisers.opt_history_objects.generation/Generation"
        },
        {
            "data": [
                "f195ee83-661d-41b3-8c58-75909f888da6"
            ],
            "generation_num": 1,
            "label": "extended_initial_assumptions",
            "metadata": {},
            "_class_path": "golem.core.optimisers.opt_history_objects.generation/Generation"
        },
        {
            "data": [
                "2a19a84c-c925-455a-8297-45b07f14a354",
                "f195ee83-661d-41b3-8c58-75909f888da6"
            ],
            "generation_num": 2,
            "label": "final_choices",
            "metadata": {},
            "_class_path": "golem.core.optimisers.opt_history_objects.generation/Generation"
        }
    ],
    "_objective": {
        "is_multi_objective": true,
        "metric_names": [
            "accuracy",
            "latency"
        ],
        "_class_path": "golem.core.optimisers.objective.objective/ObjectiveInfo"
    },
    "_tuning_result": {
        "operator": {
            "_nodes": [
                {
                    "_nodes_from": [
                        "4c3c85a1-b44f-448f-af5d-9fb6ace27048"
                    ],
                    "content": {
                        "name": "low_rank_model",
                        "params": {
                            "log_each": null,
                            "eval_each": null,
                            "save_each": null,
                            "epochs": 1,
                            "optimizer": "adam",
                            "scheduler": null,
                            "criterion": "cross_entropy",
                            "custom_learning_params": {},
                            "custom_criterions": {
                                "hoer": 5
                            },
                            "model_architecture": {
                                "input_dim": null,
                                "output_dim": null,
                                "depth": 3,
                                "custom_model_params": {}
                            },
                            "strategy": "explained_variance",
                            "rank_prune_each": 1,
                            "compose_mode": "two_layers",
                            "non_adaptive_threshold": 0.8,
                            "finetune_params": {
                                "log_each": 1,
                                "eval_each": 1,
                                "save_each": null,
                                "epochs": 5,
                                "optimizer": "adam",
                                "scheduler": null,
                                "criterion": "cross_entropy",
                                "custom_learning_params": {},
                                "custom_criterions": {},
                                "model_architecture": {
                                    "input_dim": null,
                                    "output_dim": null,
                                    "depth": 3,
                                    "custom_model_params": {}
                                }
                            }
                        },
                        "metadata": {
                            "metric": null,
                            "_class_path": "fedot.core.pipelines.node/NodeMetadata"
                        }
                    },
                    "uid": "905744d8-0f8d-49f0-a6b8-1b5154306cd7",
                    "_class_path": "golem.core.dag.linked_graph_node/LinkedGraphNode"
                },
                {
                    "_nodes_from": [],
                    "content": {
                        "name": "low_rank_model",
                        "params": {
                            "log_each": null,
                            "eval_each": null,
                            "save_each": null,
                            "epochs": 1,
                            "optimizer": "adam",
                            "scheduler": null,
                            "criterion": "cross_entropy",
                            "custom_learning_params": {},
                            "custom_criterions": {
                                "hoer": 5
                            },
                            "model_architecture": {
                                "input_dim": null,
                                "output_dim": null,
                                "depth": 3,
                                "custom_model_params": {}
                            },
                            "strategy": "explained_variance",
                            "rank_prune_each": 1,
                            "compose_mode": "two_layers",
                            "non_adaptive_threshold": 0.8,
                            "finetune_params": {
                                "log_each": 1,
                                "eval_each": 1,
                                "save_each": null,
                                "epochs": 5,
                                "optimizer": "adam",
                                "scheduler": null,
                                "criterion": "cross_entropy",
                                "custom_learning_params": {},
                                "custom_criterions": {},
                                "model_architecture": {
                                    "input_dim": null,
                                    "output_dim": null,
                                    "depth": 3,
                                    "custom_model_params": {}
                                }
                            }
                        },
                        "metadata": {
                            "metric": null,
                            "_class_path": "fedot.core.pipelines.node/NodeMetadata"
                        }
                    },
                    "uid": "4c3c85a1-b44f-448f-af5d-9fb6ace27048",
                    "_class_path": "golem.core.dag.linked_graph_node/LinkedGraphNode"
                }
            ],
            "_postprocess_nodes": {
                "_class_path": "golem.core.dag.linked_graph/LinkedGraph._empty_postprocess"
            },
            "_class_path": "golem.core.dag.linked_graph/LinkedGraph"
        },
        "_class_path": "golem.core.dag.graph_delegate/GraphDelegate"
    },
    "archive_history": [
        [
            "2a19a84c-c925-455a-8297-45b07f14a354"
        ],
        [
            "2a19a84c-c925-455a-8297-45b07f14a354",
            "f195ee83-661d-41b3-8c58-75909f888da6"
        ],
        [
            "2a19a84c-c925-455a-8297-45b07f14a354",
            "f195ee83-661d-41b3-8c58-75909f888da6"
        ]
    ],
    "individuals_pool": [
        {
            "fitness": {
                "_weights": [
                    1.0,
                    1.0
                ],
                "wvalues": [
                    0.0989,
                    2.8659399694297463
                ],
                "_class_path": "golem.core.optimisers.fitness.multi_objective_fitness/MultiObjFitness"
            },
            "graph": {
                "operator": {
                    "_nodes": [
                        {
                            "_nodes_from": [
                                "fecf344e-55ca-4d21-a858-b1ee1dc3d329"
                            ],
                            "content": {
                                "name": "low_rank_model",
                                "params": {
                                    "log_each": null,
                                    "eval_each": null,
                                    "save_each": null,
                                    "epochs": 1,
                                    "optimizer": "adam",
                                    "scheduler": null,
                                    "criterion": "cross_entropy",
                                    "custom_learning_params": {},
                                    "custom_criterions": {
                                        "hoer": 5
                                    },
                                    "model_architecture": {
                                        "input_dim": null,
                                        "output_dim": null,
                                        "depth": 3,
                                        "custom_model_params": {}
                                    },
                                    "strategy": "explained_variance",
                                    "rank_prune_each": 1,
                                    "compose_mode": "two_layers",
                                    "non_adaptive_threshold": 0.8,
                                    "finetune_params": {
                                        "log_each": 1,
                                        "eval_each": 1,
                                        "save_each": null,
                                        "epochs": 5,
                                        "optimizer": "adam",
                                        "scheduler": null,
                                        "criterion": "cross_entropy",
                                        "custom_learning_params": {},
                                        "custom_criterions": {},
                                        "model_architecture": {
                                            "input_dim": null,
                                            "output_dim": null,
                                            "depth": 3,
                                            "custom_model_params": {}
                                        }
                                    }
                                },
                                "metadata": {
                                    "metric": null,
                                    "_class_path": "fedot.core.pipelines.node/NodeMetadata"
                                }
                            },
                            "uid": "cd503150-ca23-4924-a97b-2a5f7f17c718",
                            "_class_path": "golem.core.dag.linked_graph_node/LinkedGraphNode"
                        },
                        {
                            "_nodes_from": [],
                            "content": {
                                "name": "low_rank_model",
                                "params": {
                                    "log_each": null,
                                    "eval_each": null,
                                    "save_each": null,
                                    "epochs": 1,
                                    "optimizer": "adam",
                                    "scheduler": null,
                                    "criterion": "cross_entropy",
                                    "custom_learning_params": {},
                                    "custom_criterions": {
                                        "hoer": 5
                                    },
                                    "model_architecture": {
                                        "input_dim": null,
                                        "output_dim": null,
                                        "depth": 3,
                                        "custom_model_params": {}
                                    },
                                    "strategy": "explained_variance",
                                    "rank_prune_each": 1,
                                    "compose_mode": "two_layers",
                                    "non_adaptive_threshold": 0.8,
                                    "finetune_params": {
                                        "log_each": 1,
                                        "eval_each": 1,
                                        "save_each": null,
                                        "epochs": 5,
                                        "optimizer": "adam",
                                        "scheduler": null,
                                        "criterion": "cross_entropy",
                                        "custom_learning_params": {},
                                        "custom_criterions": {},
                                        "model_architecture": {
                                            "input_dim": null,
                                            "output_dim": null,
                                            "depth": 3,
                                            "custom_model_params": {}
                                        }
                                    }
                                },
                                "metadata": {
                                    "metric": null,
                                    "_class_path": "fedot.core.pipelines.node/NodeMetadata"
                                }
                            },
                            "uid": "fecf344e-55ca-4d21-a858-b1ee1dc3d329",
                            "_class_path": "golem.core.dag.linked_graph_node/LinkedGraphNode"
                        }
                    ],
                    "_postprocess_nodes": {
                        "_class_path": "golem.core.dag.linked_graph/LinkedGraph._empty_postprocess"
                    },
                    "_class_path": "golem.core.dag.linked_graph/LinkedGraph"
                },
                "_class_path": "golem.core.dag.graph_delegate/GraphDelegate"
            },
            "metadata": {
                "use_input_preprocessing": false,
                "computation_time_in_seconds": 72.2082691579999,
                "evaluation_time_iso": "2025-05-13T03:08:08.686668"
            },
            "native_generation": 0,
            "parent_operator": null,
            "uid": "2a19a84c-c925-455a-8297-45b07f14a354",
            "_class_path": "golem.core.optimisers.opt_history_objects.individual/Individual"
        },
        {
            "fitness": {
                "_weights": [
                    1.0,
                    1.0
                ],
                "wvalues": [
                    0.1013,
                    2.8154970586765558
                ],
                "_class_path": "golem.core.optimisers.fitness.multi_objective_fitness/MultiObjFitness"
            },
            "graph": {
                "operator": {
                    "_nodes": [
                        {
                            "_nodes_from": [
                                "c847d5fb-c724-490f-a1b7-806a44d8535d"
                            ],
                            "content": {
                                "name": "low_rank_model",
                                "params": {
                                    "log_each": null,
                                    "eval_each": null,
                                    "save_each": null,
                                    "epochs": 1,
                                    "optimizer": "adam",
                                    "scheduler": null,
                                    "criterion": "cross_entropy",
                                    "custom_learning_params": {},
                                    "custom_criterions": {
                                        "hoer": 5
                                    },
                                    "model_architecture": {
                                        "input_dim": null,
                                        "output_dim": null,
                                        "depth": 3,
                                        "custom_model_params": {}
                                    },
                                    "strategy": "explained_variance",
                                    "rank_prune_each": 1,
                                    "compose_mode": "two_layers",
                                    "non_adaptive_threshold": 0.8,
                                    "finetune_params": {
                                        "log_each": 1,
                                        "eval_each": 1,
                                        "save_each": null,
                                        "epochs": 5,
                                        "optimizer": "adam",
                                        "scheduler": null,
                                        "criterion": "cross_entropy",
                                        "custom_learning_params": {},
                                        "custom_criterions": {},
                                        "model_architecture": {
                                            "input_dim": null,
                                            "output_dim": null,
                                            "depth": 3,
                                            "custom_model_params": {}
                                        }
                                    }
                                },
                                "metadata": {
                                    "metric": null,
                                    "_class_path": "fedot.core.pipelines.node/NodeMetadata"
                                }
                            },
                            "uid": "040e88ba-94d6-402c-a30f-b557a45da048",
                            "_class_path": "golem.core.dag.linked_graph_node/LinkedGraphNode"
                        },
                        {
                            "_nodes_from": [],
                            "content": {
                                "name": "low_rank_model",
                                "params": {
                                    "log_each": null,
                                    "eval_each": null,
                                    "save_each": null,
                                    "epochs": 1,
                                    "optimizer": "adam",
                                    "scheduler": null,
                                    "criterion": "cross_entropy",
                                    "custom_learning_params": {},
                                    "custom_criterions": {
                                        "hoer": 5
                                    },
                                    "model_architecture": {
                                        "input_dim": null,
                                        "output_dim": null,
                                        "depth": 3,
                                        "custom_model_params": {}
                                    },
                                    "strategy": "explained_variance",
                                    "rank_prune_each": 1,
                                    "compose_mode": "two_layers",
                                    "non_adaptive_threshold": 0.8,
                                    "finetune_params": {
                                        "log_each": 1,
                                        "eval_each": 1,
                                        "save_each": null,
                                        "epochs": 5,
                                        "optimizer": "adam",
                                        "scheduler": null,
                                        "criterion": "cross_entropy",
                                        "custom_learning_params": {},
                                        "custom_criterions": {},
                                        "model_architecture": {
                                            "input_dim": null,
                                            "output_dim": null,
                                            "depth": 3,
                                            "custom_model_params": {}
                                        }
                                    }
                                },
                                "metadata": {
                                    "metric": null,
                                    "_class_path": "fedot.core.pipelines.node/NodeMetadata"
                                }
                            },
                            "uid": "c847d5fb-c724-490f-a1b7-806a44d8535d",
                            "_class_path": "golem.core.dag.linked_graph_node/LinkedGraphNode"
                        }
                    ],
                    "_postprocess_nodes": {
                        "_class_path": "golem.core.dag.linked_graph/LinkedGraph._empty_postprocess"
                    },
                    "_class_path": "golem.core.dag.linked_graph/LinkedGraph"
                },
                "_class_path": "golem.core.dag.graph_delegate/GraphDelegate"
            },
            "metadata": {
                "use_input_preprocessing": false,
                "computation_time_in_seconds": 72.2082691579999,
                "evaluation_time_iso": "2025-05-13T03:08:08.686668"
            },
            "native_generation": 1,
            "parent_operator": null,
            "uid": "f195ee83-661d-41b3-8c58-75909f888da6",
            "_class_path": "golem.core.optimisers.opt_history_objects.individual/Individual"
        }
    ],
    "_class_path": "golem.core.optimisers.opt_history_objects.opt_history/OptHistory"
}