{
    "_default_save_dir": "/tmp/FEDOT",
    "_generations": [
        {
            "data": [
                "d2100ed9-817d-4b5e-b807-199998693850"
            ],
            "generation_num": 0,
            "label": "extended_initial_assumptions",
            "metadata": {},
            "_class_path": "golem.core.optimisers.opt_history_objects.generation/Generation"
        },
        {
            "data": [
                "36ece9e7-53a1-41c4-b327-c4bb7623ae13"
            ],
            "generation_num": 1,
            "label": "extended_initial_assumptions",
            "metadata": {},
            "_class_path": "golem.core.optimisers.opt_history_objects.generation/Generation"
        },
        {
            "data": [
                "36ece9e7-53a1-41c4-b327-c4bb7623ae13"
            ],
            "generation_num": 2,
            "label": "final_choices",
            "metadata": {},
            "_class_path": "golem.core.optimisers.opt_history_objects.generation/Generation"
        }
    ],
    "_objective": {
        "is_multi_objective": true,
        "metric_names": [
            "accuracy",
            "latency"
        ],
        "_class_path": "golem.core.optimisers.objective.objective/ObjectiveInfo"
    },
    "_tuning_result": {
        "operator": {
            "_nodes": [
                {
                    "_nodes_from": [
                        "5f08ceb7-c3bb-4220-9d6f-ba8673ac555e"
                    ],
                    "content": {
                        "name": "low_rank_model",
                        "params": {
                            "log_each": null,
                            "eval_each": null,
                            "save_each": null,
                            "epochs": 1,
                            "optimizer": "adam",
                            "scheduler": null,
                            "criterion": "cross_entropy",
                            "custom_learning_params": {},
                            "custom_criterions": {
                                "hoer": 5
                            },
                            "model_architecture": {
                                "input_dim": null,
                                "output_dim": null,
                                "depth": 3,
                                "custom_model_params": {}
                            },
                            "strategy": "explained_variance",
                            "rank_prune_each": 1,
                            "compose_mode": "two_layers",
                            "non_adaptive_threshold": 0.8,
                            "finetune_params": {
                                "log_each": 1,
                                "eval_each": 1,
                                "save_each": null,
                                "epochs": 5,
                                "optimizer": "adam",
                                "scheduler": null,
                                "criterion": "cross_entropy",
                                "custom_learning_params": {},
                                "custom_criterions": {},
                                "model_architecture": {
                                    "input_dim": null,
                                    "output_dim": null,
                                    "depth": 3,
                                    "custom_model_params": {}
                                }
                            }
                        },
                        "metadata": {
                            "metric": null,
                            "_class_path": "fedot.core.pipelines.node/NodeMetadata"
                        }
                    },
                    "uid": "269cfe79-e8c1-4f20-a7b9-45a6e89b5588",
                    "_class_path": "golem.core.dag.linked_graph_node/LinkedGraphNode"
                },
                {
                    "_nodes_from": [
                        "c6ad82cc-3a8b-462f-b02e-9732210d4f56"
                    ],
                    "content": {
                        "name": "low_rank_model",
                        "params": {
                            "log_each": null,
                            "eval_each": null,
                            "save_each": null,
                            "epochs": 1,
                            "optimizer": "adam",
                            "scheduler": null,
                            "criterion": "cross_entropy",
                            "custom_learning_params": {},
                            "custom_criterions": {
                                "hoer": 5
                            },
                            "model_architecture": {
                                "input_dim": null,
                                "output_dim": null,
                                "depth": 3,
                                "custom_model_params": {}
                            },
                            "strategy": "explained_variance",
                            "rank_prune_each": 1,
                            "compose_mode": "two_layers",
                            "non_adaptive_threshold": 0.8,
                            "finetune_params": {
                                "log_each": 1,
                                "eval_each": 1,
                                "save_each": null,
                                "epochs": 5,
                                "optimizer": "adam",
                                "scheduler": null,
                                "criterion": "cross_entropy",
                                "custom_learning_params": {},
                                "custom_criterions": {},
                                "model_architecture": {
                                    "input_dim": null,
                                    "output_dim": null,
                                    "depth": 3,
                                    "custom_model_params": {}
                                }
                            }
                        },
                        "metadata": {
                            "metric": null,
                            "_class_path": "fedot.core.pipelines.node/NodeMetadata"
                        }
                    },
                    "uid": "5f08ceb7-c3bb-4220-9d6f-ba8673ac555e",
                    "_class_path": "golem.core.dag.linked_graph_node/LinkedGraphNode"
                },
                {
                    "_nodes_from": [
                        "8dbfd725-17be-45ee-8ec0-0cb0caac9cc6"
                    ],
                    "content": {
                        "name": "low_rank_model",
                        "params": {
                            "log_each": null,
                            "eval_each": null,
                            "save_each": null,
                            "epochs": 1,
                            "optimizer": "adam",
                            "scheduler": null,
                            "criterion": "cross_entropy",
                            "custom_learning_params": {},
                            "custom_criterions": {
                                "hoer": 5
                            },
                            "model_architecture": {
                                "input_dim": null,
                                "output_dim": null,
                                "depth": 3,
                                "custom_model_params": {}
                            },
                            "strategy": "explained_variance",
                            "rank_prune_each": 1,
                            "compose_mode": "two_layers",
                            "non_adaptive_threshold": 0.8,
                            "finetune_params": {
                                "log_each": 1,
                                "eval_each": 1,
                                "save_each": null,
                                "epochs": 5,
                                "optimizer": "adam",
                                "scheduler": null,
                                "criterion": "cross_entropy",
                                "custom_learning_params": {},
                                "custom_criterions": {},
                                "model_architecture": {
                                    "input_dim": null,
                                    "output_dim": null,
                                    "depth": 3,
                                    "custom_model_params": {}
                                }
                            }
                        },
                        "metadata": {
                            "metric": null,
                            "_class_path": "fedot.core.pipelines.node/NodeMetadata"
                        }
                    },
                    "uid": "c6ad82cc-3a8b-462f-b02e-9732210d4f56",
                    "_class_path": "golem.core.dag.linked_graph_node/LinkedGraphNode"
                },
                {
                    "_nodes_from": [
                        "2ffc5368-d752-43ad-aaa1-488fdcf8d2ab"
                    ],
                    "content": {
                        "name": "low_rank_model",
                        "params": {
                            "log_each": null,
                            "eval_each": null,
                            "save_each": null,
                            "epochs": 1,
                            "optimizer": "adam",
                            "scheduler": null,
                            "criterion": "cross_entropy",
                            "custom_learning_params": {},
                            "custom_criterions": {
                                "hoer": 5
                            },
                            "model_architecture": {
                                "input_dim": null,
                                "output_dim": null,
                                "depth": 3,
                                "custom_model_params": {}
                            },
                            "strategy": "explained_variance",
                            "rank_prune_each": 1,
                            "compose_mode": "two_layers",
                            "non_adaptive_threshold": 0.8,
                            "finetune_params": {
                                "log_each": 1,
                                "eval_each": 1,
                                "save_each": null,
                                "epochs": 5,
                                "optimizer": "adam",
                                "scheduler": null,
                                "criterion": "cross_entropy",
                                "custom_learning_params": {},
                                "custom_criterions": {},
                                "model_architecture": {
                                    "input_dim": null,
                                    "output_dim": null,
                                    "depth": 3,
                                    "custom_model_params": {}
                                }
                            }
                        },
                        "metadata": {
                            "metric": null,
                            "_class_path": "fedot.core.pipelines.node/NodeMetadata"
                        }
                    },
                    "uid": "8dbfd725-17be-45ee-8ec0-0cb0caac9cc6",
                    "_class_path": "golem.core.dag.linked_graph_node/LinkedGraphNode"
                },
                {
                    "_nodes_from": [],
                    "content": {
                        "name": "low_rank_model",
                        "params": {
                            "log_each": null,
                            "eval_each": null,
                            "save_each": null,
                            "epochs": 1,
                            "optimizer": "adam",
                            "scheduler": null,
                            "criterion": "cross_entropy",
                            "custom_learning_params": {},
                            "custom_criterions": {
                                "hoer": 5
                            },
                            "model_architecture": {
                                "input_dim": null,
                                "output_dim": null,
                                "depth": 3,
                                "custom_model_params": {}
                            },
                            "strategy": "explained_variance",
                            "rank_prune_each": 1,
                            "compose_mode": "two_layers",
                            "non_adaptive_threshold": 0.8,
                            "finetune_params": {
                                "log_each": 1,
                                "eval_each": 1,
                                "save_each": null,
                                "epochs": 5,
                                "optimizer": "adam",
                                "scheduler": null,
                                "criterion": "cross_entropy",
                                "custom_learning_params": {},
                                "custom_criterions": {},
                                "model_architecture": {
                                    "input_dim": null,
                                    "output_dim": null,
                                    "depth": 3,
                                    "custom_model_params": {}
                                }
                            }
                        },
                        "metadata": {
                            "metric": null,
                            "_class_path": "fedot.core.pipelines.node/NodeMetadata"
                        }
                    },
                    "uid": "2ffc5368-d752-43ad-aaa1-488fdcf8d2ab",
                    "_class_path": "golem.core.dag.linked_graph_node/LinkedGraphNode"
                }
            ],
            "_postprocess_nodes": {
                "_class_path": "golem.core.dag.linked_graph/LinkedGraph._empty_postprocess"
            },
            "_class_path": "golem.core.dag.linked_graph/LinkedGraph"
        },
        "_class_path": "golem.core.dag.graph_delegate/GraphDelegate"
    },
    "archive_history": [
        [
            "d2100ed9-817d-4b5e-b807-199998693850"
        ],
        [
            "36ece9e7-53a1-41c4-b327-c4bb7623ae13"
        ],
        [
            "36ece9e7-53a1-41c4-b327-c4bb7623ae13"
        ]
    ],
    "individuals_pool": [
        {
            "fitness": {
                "_weights": [
                    1.0,
                    1.0
                ],
                "wvalues": [
                    0.1015,
                    2.7621847190894186
                ],
                "_class_path": "golem.core.optimisers.fitness.multi_objective_fitness/MultiObjFitness"
            },
            "graph": {
                "operator": {
                    "_nodes": [
                        {
                            "_nodes_from": [
                                "18cec310-e139-402b-a2d6-c5441685535b"
                            ],
                            "content": {
                                "name": "low_rank_model",
                                "params": {
                                    "log_each": null,
                                    "eval_each": null,
                                    "save_each": null,
                                    "epochs": 1,
                                    "optimizer": "adam",
                                    "scheduler": null,
                                    "criterion": "cross_entropy",
                                    "custom_learning_params": {},
                                    "custom_criterions": {
                                        "hoer": 5
                                    },
                                    "model_architecture": {
                                        "input_dim": null,
                                        "output_dim": null,
                                        "depth": 3,
                                        "custom_model_params": {}
                                    },
                                    "strategy": "explained_variance",
                                    "rank_prune_each": 1,
                                    "compose_mode": "two_layers",
                                    "non_adaptive_threshold": 0.8,
                                    "finetune_params": {
                                        "log_each": 1,
                                        "eval_each": 1,
                                        "save_each": null,
                                        "epochs": 5,
                                        "optimizer": "adam",
                                        "scheduler": null,
                                        "criterion": "cross_entropy",
                                        "custom_learning_params": {},
                                        "custom_criterions": {},
                                        "model_architecture": {
                                            "input_dim": null,
                                            "output_dim": null,
                                            "depth": 3,
                                            "custom_model_params": {}
                                        }
                                    }
                                },
                                "metadata": {
                                    "metric": null,
                                    "_class_path": "fedot.core.pipelines.node/NodeMetadata"
                                }
                            },
                            "uid": "ea227737-fb38-46e7-8203-926b04df486f",
                            "_class_path": "golem.core.dag.linked_graph_node/LinkedGraphNode"
                        },
                        {
                            "_nodes_from": [
                                "ff0cf816-42f2-4fe1-ab18-7a6673460de6"
                            ],
                            "content": {
                                "name": "low_rank_model",
                                "params": {
                                    "log_each": null,
                                    "eval_each": null,
                                    "save_each": null,
                                    "epochs": 1,
                                    "optimizer": "adam",
                                    "scheduler": null,
                                    "criterion": "cross_entropy",
                                    "custom_learning_params": {},
                                    "custom_criterions": {
                                        "hoer": 5
                                    },
                                    "model_architecture": {
                                        "input_dim": null,
                                        "output_dim": null,
                                        "depth": 3,
                                        "custom_model_params": {}
                                    },
                                    "strategy": "explained_variance",
                                    "rank_prune_each": 1,
                                    "compose_mode": "two_layers",
                                    "non_adaptive_threshold": 0.8,
                                    "finetune_params": {
                                        "log_each": 1,
                                        "eval_each": 1,
                                        "save_each": null,
                                        "epochs": 5,
                                        "optimizer": "adam",
                                        "scheduler": null,
                                        "criterion": "cross_entropy",
                                        "custom_learning_params": {},
                                        "custom_criterions": {},
                                        "model_architecture": {
                                            "input_dim": null,
                                            "output_dim": null,
                                            "depth": 3,
                                            "custom_model_params": {}
                                        }
                                    }
                                },
                                "metadata": {
                                    "metric": null,
                                    "_class_path": "fedot.core.pipelines.node/NodeMetadata"
                                }
                            },
                            "uid": "18cec310-e139-402b-a2d6-c5441685535b",
                            "_class_path": "golem.core.dag.linked_graph_node/LinkedGraphNode"
                        },
                        {
                            "_nodes_from": [
                                "a278df0d-046e-474f-b86e-4e73df2b2816"
                            ],
                            "content": {
                                "name": "low_rank_model",
                                "params": {
                                    "log_each": null,
                                    "eval_each": null,
                                    "save_each": null,
                                    "epochs": 1,
                                    "optimizer": "adam",
                                    "scheduler": null,
                                    "criterion": "cross_entropy",
                                    "custom_learning_params": {},
                                    "custom_criterions": {
                                        "hoer": 5
                                    },
                                    "model_architecture": {
                                        "input_dim": null,
                                        "output_dim": null,
                                        "depth": 3,
                                        "custom_model_params": {}
                                    },
                                    "strategy": "explained_variance",
                                    "rank_prune_each": 1,
                                    "compose_mode": "two_layers",
                                    "non_adaptive_threshold": 0.8,
                                    "finetune_params": {
                                        "log_each": 1,
                                        "eval_each": 1,
                                        "save_each": null,
                                        "epochs": 5,
                                        "optimizer": "adam",
                                        "scheduler": null,
                                        "criterion": "cross_entropy",
                                        "custom_learning_params": {},
                                        "custom_criterions": {},
                                        "model_architecture": {
                                            "input_dim": null,
                                            "output_dim": null,
                                            "depth": 3,
                                            "custom_model_params": {}
                                        }
                                    }
                                },
                                "metadata": {
                                    "metric": null,
                                    "_class_path": "fedot.core.pipelines.node/NodeMetadata"
                                }
                            },
                            "uid": "ff0cf816-42f2-4fe1-ab18-7a6673460de6",
                            "_class_path": "golem.core.dag.linked_graph_node/LinkedGraphNode"
                        },
                        {
                            "_nodes_from": [
                                "6878a36a-a0e5-4a77-b4e3-27511ef0accd"
                            ],
                            "content": {
                                "name": "low_rank_model",
                                "params": {
                                    "log_each": null,
                                    "eval_each": null,
                                    "save_each": null,
                                    "epochs": 1,
                                    "optimizer": "adam",
                                    "scheduler": null,
                                    "criterion": "cross_entropy",
                                    "custom_learning_params": {},
                                    "custom_criterions": {
                                        "hoer": 5
                                    },
                                    "model_architecture": {
                                        "input_dim": null,
                                        "output_dim": null,
                                        "depth": 3,
                                        "custom_model_params": {}
                                    },
                                    "strategy": "explained_variance",
                                    "rank_prune_each": 1,
                                    "compose_mode": "two_layers",
                                    "non_adaptive_threshold": 0.8,
                                    "finetune_params": {
                                        "log_each": 1,
                                        "eval_each": 1,
                                        "save_each": null,
                                        "epochs": 5,
                                        "optimizer": "adam",
                                        "scheduler": null,
                                        "criterion": "cross_entropy",
                                        "custom_learning_params": {},
                                        "custom_criterions": {},
                                        "model_architecture": {
                                            "input_dim": null,
                                            "output_dim": null,
                                            "depth": 3,
                                            "custom_model_params": {}
                                        }
                                    }
                                },
                                "metadata": {
                                    "metric": null,
                                    "_class_path": "fedot.core.pipelines.node/NodeMetadata"
                                }
                            },
                            "uid": "a278df0d-046e-474f-b86e-4e73df2b2816",
                            "_class_path": "golem.core.dag.linked_graph_node/LinkedGraphNode"
                        },
                        {
                            "_nodes_from": [],
                            "content": {
                                "name": "low_rank_model",
                                "params": {
                                    "log_each": null,
                                    "eval_each": null,
                                    "save_each": null,
                                    "epochs": 1,
                                    "optimizer": "adam",
                                    "scheduler": null,
                                    "criterion": "cross_entropy",
                                    "custom_learning_params": {},
                                    "custom_criterions": {
                                        "hoer": 5
                                    },
                                    "model_architecture": {
                                        "input_dim": null,
                                        "output_dim": null,
                                        "depth": 3,
                                        "custom_model_params": {}
                                    },
                                    "strategy": "explained_variance",
                                    "rank_prune_each": 1,
                                    "compose_mode": "two_layers",
                                    "non_adaptive_threshold": 0.8,
                                    "finetune_params": {
                                        "log_each": 1,
                                        "eval_each": 1,
                                        "save_each": null,
                                        "epochs": 5,
                                        "optimizer": "adam",
                                        "scheduler": null,
                                        "criterion": "cross_entropy",
                                        "custom_learning_params": {},
                                        "custom_criterions": {},
                                        "model_architecture": {
                                            "input_dim": null,
                                            "output_dim": null,
                                            "depth": 3,
                                            "custom_model_params": {}
                                        }
                                    }
                                },
                                "metadata": {
                                    "metric": null,
                                    "_class_path": "fedot.core.pipelines.node/NodeMetadata"
                                }
                            },
                            "uid": "6878a36a-a0e5-4a77-b4e3-27511ef0accd",
                            "_class_path": "golem.core.dag.linked_graph_node/LinkedGraphNode"
                        }
                    ],
                    "_postprocess_nodes": {
                        "_class_path": "golem.core.dag.linked_graph/LinkedGraph._empty_postprocess"
                    },
                    "_class_path": "golem.core.dag.linked_graph/LinkedGraph"
                },
                "_class_path": "golem.core.dag.graph_delegate/GraphDelegate"
            },
            "metadata": {
                "use_input_preprocessing": false,
                "computation_time_in_seconds": 140.91073240800324,
                "evaluation_time_iso": "2025-05-13T04:23:55.961084"
            },
            "native_generation": 0,
            "parent_operator": null,
            "uid": "d2100ed9-817d-4b5e-b807-199998693850",
            "_class_path": "golem.core.optimisers.opt_history_objects.individual/Individual"
        },
        {
            "fitness": {
                "_weights": [
                    1.0,
                    1.0
                ],
                "wvalues": [
                    0.099,
                    2.6106099023018032
                ],
                "_class_path": "golem.core.optimisers.fitness.multi_objective_fitness/MultiObjFitness"
            },
            "graph": {
                "operator": {
                    "_nodes": [
                        {
                            "_nodes_from": [
                                "bcaaf26f-999a-48cd-8292-136e5858ee9d"
                            ],
                            "content": {
                                "name": "low_rank_model",
                                "params": {
                                    "log_each": null,
                                    "eval_each": null,
                                    "save_each": null,
                                    "epochs": 1,
                                    "optimizer": "adam",
                                    "scheduler": null,
                                    "criterion": "cross_entropy",
                                    "custom_learning_params": {},
                                    "custom_criterions": {
                                        "hoer": 5
                                    },
                                    "model_architecture": {
                                        "input_dim": null,
                                        "output_dim": null,
                                        "depth": 3,
                                        "custom_model_params": {}
                                    },
                                    "strategy": "explained_variance",
                                    "rank_prune_each": 1,
                                    "compose_mode": "two_layers",
                                    "non_adaptive_threshold": 0.8,
                                    "finetune_params": {
                                        "log_each": 1,
                                        "eval_each": 1,
                                        "save_each": null,
                                        "epochs": 5,
                                        "optimizer": "adam",
                                        "scheduler": null,
                                        "criterion": "cross_entropy",
                                        "custom_learning_params": {},
                                        "custom_criterions": {},
                                        "model_architecture": {
                                            "input_dim": null,
                                            "output_dim": null,
                                            "depth": 3,
                                            "custom_model_params": {}
                                        }
                                    }
                                },
                                "metadata": {
                                    "metric": null,
                                    "_class_path": "fedot.core.pipelines.node/NodeMetadata"
                                }
                            },
                            "uid": "1334117c-a419-4248-888d-451a178d1052",
                            "_class_path": "golem.core.dag.linked_graph_node/LinkedGraphNode"
                        },
                        {
                            "_nodes_from": [
                                "cac81176-a276-47b5-991a-e1cdf7a61684"
                            ],
                            "content": {
                                "name": "low_rank_model",
                                "params": {
                                    "log_each": null,
                                    "eval_each": null,
                                    "save_each": null,
                                    "epochs": 1,
                                    "optimizer": "adam",
                                    "scheduler": null,
                                    "criterion": "cross_entropy",
                                    "custom_learning_params": {},
                                    "custom_criterions": {
                                        "hoer": 5
                                    },
                                    "model_architecture": {
                                        "input_dim": null,
                                        "output_dim": null,
                                        "depth": 3,
                                        "custom_model_params": {}
                                    },
                                    "strategy": "explained_variance",
                                    "rank_prune_each": 1,
                                    "compose_mode": "two_layers",
                                    "non_adaptive_threshold": 0.8,
                                    "finetune_params": {
                                        "log_each": 1,
                                        "eval_each": 1,
                                        "save_each": null,
                                        "epochs": 5,
                                        "optimizer": "adam",
                                        "scheduler": null,
                                        "criterion": "cross_entropy",
                                        "custom_learning_params": {},
                                        "custom_criterions": {},
                                        "model_architecture": {
                                            "input_dim": null,
                                            "output_dim": null,
                                            "depth": 3,
                                            "custom_model_params": {}
                                        }
                                    }
                                },
                                "metadata": {
                                    "metric": null,
                                    "_class_path": "fedot.core.pipelines.node/NodeMetadata"
                                }
                            },
                            "uid": "bcaaf26f-999a-48cd-8292-136e5858ee9d",
                            "_class_path": "golem.core.dag.linked_graph_node/LinkedGraphNode"
                        },
                        {
                            "_nodes_from": [
                                "f75d7720-4d32-455f-ae01-dd376d3763d8"
                            ],
                            "content": {
                                "name": "low_rank_model",
                                "params": {
                                    "log_each": null,
                                    "eval_each": null,
                                    "save_each": null,
                                    "epochs": 1,
                                    "optimizer": "adam",
                                    "scheduler": null,
                                    "criterion": "cross_entropy",
                                    "custom_learning_params": {},
                                    "custom_criterions": {
                                        "hoer": 5
                                    },
                                    "model_architecture": {
                                        "input_dim": null,
                                        "output_dim": null,
                                        "depth": 3,
                                        "custom_model_params": {}
                                    },
                                    "strategy": "explained_variance",
                                    "rank_prune_each": 1,
                                    "compose_mode": "two_layers",
                                    "non_adaptive_threshold": 0.8,
                                    "finetune_params": {
                                        "log_each": 1,
                                        "eval_each": 1,
                                        "save_each": null,
                                        "epochs": 5,
                                        "optimizer": "adam",
                                        "scheduler": null,
                                        "criterion": "cross_entropy",
                                        "custom_learning_params": {},
                                        "custom_criterions": {},
                                        "model_architecture": {
                                            "input_dim": null,
                                            "output_dim": null,
                                            "depth": 3,
                                            "custom_model_params": {}
                                        }
                                    }
                                },
                                "metadata": {
                                    "metric": null,
                                    "_class_path": "fedot.core.pipelines.node/NodeMetadata"
                                }
                            },
                            "uid": "cac81176-a276-47b5-991a-e1cdf7a61684",
                            "_class_path": "golem.core.dag.linked_graph_node/LinkedGraphNode"
                        },
                        {
                            "_nodes_from": [
                                "2a964142-8889-43a4-aa36-6fef953f460c"
                            ],
                            "content": {
                                "name": "low_rank_model",
                                "params": {
                                    "log_each": null,
                                    "eval_each": null,
                                    "save_each": null,
                                    "epochs": 1,
                                    "optimizer": "adam",
                                    "scheduler": null,
                                    "criterion": "cross_entropy",
                                    "custom_learning_params": {},
                                    "custom_criterions": {
                                        "hoer": 5
                                    },
                                    "model_architecture": {
                                        "input_dim": null,
                                        "output_dim": null,
                                        "depth": 3,
                                        "custom_model_params": {}
                                    },
                                    "strategy": "explained_variance",
                                    "rank_prune_each": 1,
                                    "compose_mode": "two_layers",
                                    "non_adaptive_threshold": 0.8,
                                    "finetune_params": {
                                        "log_each": 1,
                                        "eval_each": 1,
                                        "save_each": null,
                                        "epochs": 5,
                                        "optimizer": "adam",
                                        "scheduler": null,
                                        "criterion": "cross_entropy",
                                        "custom_learning_params": {},
                                        "custom_criterions": {},
                                        "model_architecture": {
                                            "input_dim": null,
                                            "output_dim": null,
                                            "depth": 3,
                                            "custom_model_params": {}
                                        }
                                    }
                                },
                                "metadata": {
                                    "metric": null,
                                    "_class_path": "fedot.core.pipelines.node/NodeMetadata"
                                }
                            },
                            "uid": "f75d7720-4d32-455f-ae01-dd376d3763d8",
                            "_class_path": "golem.core.dag.linked_graph_node/LinkedGraphNode"
                        },
                        {
                            "_nodes_from": [],
                            "content": {
                                "name": "low_rank_model",
                                "params": {
                                    "log_each": null,
                                    "eval_each": null,
                                    "save_each": null,
                                    "epochs": 1,
                                    "optimizer": "adam",
                                    "scheduler": null,
                                    "criterion": "cross_entropy",
                                    "custom_learning_params": {},
                                    "custom_criterions": {
                                        "hoer": 5
                                    },
                                    "model_architecture": {
                                        "input_dim": null,
                                        "output_dim": null,
                                        "depth": 3,
                                        "custom_model_params": {}
                                    },
                                    "strategy": "explained_variance",
                                    "rank_prune_each": 1,
                                    "compose_mode": "two_layers",
                                    "non_adaptive_threshold": 0.8,
                                    "finetune_params": {
                                        "log_each": 1,
                                        "eval_each": 1,
                                        "save_each": null,
                                        "epochs": 5,
                                        "optimizer": "adam",
                                        "scheduler": null,
                                        "criterion": "cross_entropy",
                                        "custom_learning_params": {},
                                        "custom_criterions": {},
                                        "model_architecture": {
                                            "input_dim": null,
                                            "output_dim": null,
                                            "depth": 3,
                                            "custom_model_params": {}
                                        }
                                    }
                                },
                                "metadata": {
                                    "metric": null,
                                    "_class_path": "fedot.core.pipelines.node/NodeMetadata"
                                }
                            },
                            "uid": "2a964142-8889-43a4-aa36-6fef953f460c",
                            "_class_path": "golem.core.dag.linked_graph_node/LinkedGraphNode"
                        }
                    ],
                    "_postprocess_nodes": {
                        "_class_path": "golem.core.dag.linked_graph/LinkedGraph._empty_postprocess"
                    },
                    "_class_path": "golem.core.dag.linked_graph/LinkedGraph"
                },
                "_class_path": "golem.core.dag.graph_delegate/GraphDelegate"
            },
            "metadata": {
                "use_input_preprocessing": false,
                "computation_time_in_seconds": 140.91073240800324,
                "evaluation_time_iso": "2025-05-13T04:23:55.961084"
            },
            "native_generation": 1,
            "parent_operator": null,
            "uid": "36ece9e7-53a1-41c4-b327-c4bb7623ae13",
            "_class_path": "golem.core.optimisers.opt_history_objects.individual/Individual"
        }
    ],
    "_class_path": "golem.core.optimisers.opt_history_objects.opt_history/OptHistory"
}