seed,rank,layer_relative_error_difference_before,layer_relative_error_difference_after,validation_accuracy_difference_before,validation_accuracy_difference_after,weighted_calibration_seconds,ordinary_calibration_seconds
41,5,-0.12297319314497496,-0.12046245528758265,0.0,0.0,0.07422219999716617,0.0010200999968219548
41,10,-0.1788757597557342,-0.1663849329426516,0.0,0.0,0.07330580000416376,0.0015692000015405938
41,15,-0.1410442036934072,-0.12380717956477215,0.0,0.0,0.07142449999810196,0.0011957000097027048
42,5,-0.24345774050593277,-0.2334876089720897,0.0,0.0,0.007324999998672865,0.001162599990493618
42,10,-0.2337835081398205,-0.2189746701287494,0.0,0.0,0.006594599995878525,0.003852299996651709
42,15,-0.15451749512486246,-0.1334626862846876,0.0,0.0,0.007333800007472746,0.0011336000025039539
43,5,-0.13951278958907726,-0.12661403323355075,0.01176470588235301,0.0,0.006454300004406832,0.0014438000071095303
43,10,-0.16893161079723767,-0.15477136678615971,0.0,0.0,0.006173400004627183,0.001688000003923662
43,15,-0.15899601344134043,-0.14071726158948658,0.0,0.0,0.005790299997897819,0.0017019999941112474
44,5,-0.1049179220741317,-0.10292322555840777,-0.01176470588235301,0.0,0.006103099993197247,0.0015084000042406842
44,10,-0.15729819740089018,-0.15088305637554322,0.0,0.0,0.005909700004849583,0.0015782000118633732
44,15,-0.15317321597617084,-0.13961300807617266,0.0,0.0,0.006833399995230138,0.0014748999965377152
45,5,-0.18183774854995674,-0.17555027634225293,0.0,0.0,0.006232599989743903,0.0015125999925658107
45,10,-0.15344449278380526,-0.1508968068814244,0.0,0.0,0.006983300001593307,0.0016150000010384247
45,15,-0.1363897386684904,-0.1255154770427097,0.0,0.0,0.006967499997699633,0.0013171000027796254
